<?xml version="1.0" encoding="UTF-8"?>

<InsurancePlan xmlns="http://hl7.org/fhir">
  <id value="plannet-insuranceplan-HPID400000"/>
  <meta>
    <profile value="http://hl7.org/fhir/us/davinci-pdex-plan-net/StructureDefinition/plannet-InsurancePlan"/>
  </meta>
  <text>
    <status value="generated"/><div xmlns="http://www.w3.org/1999/xhtml"><p><b>Generated Narrative with Details</b></p><p><b>id</b>: plannet-insuranceplan-HPID400000</p><p><b>meta</b>: </p><p><b>identifier</b>: HIOS product ID = HPID400000 (OFFICIAL)</p><p><b>status</b>: active</p><p><b>type</b>: Medical <span style="background: LightGoldenRodYellow">(Details : {http://terminology.hl7.org/CodeSystem/insurance-plan-type code 'medical' = 'Medical', given as 'Medical'})</span></p><p><b>name</b>: Green Circle of ConnecticutSilver HMO Plan</p><p><b>alias</b>: GC CT SILVER HMO</p><p><b>ownedBy</b>: <a href="Organization/plannet-organization-1230220000">Green Circle</a></p><p><b>administeredBy</b>: <a href="Organization/plannet-organization-1230220000">Green Circle</a></p><p><b>network</b>: <a href="Organization/plannet-network-HPID050000">Green Circle of Connecticut HMO</a></p></div>
  </text>
  <identifier>
    <extension url="http://hl7.org/fhir/uv/vhdir/StructureDefinition/identifier-status">
      <valueCode value="active"/>
    </extension>
    <use value="official"/>
    <type>
      <coding>
        <system value="http://terminology.hl7.org/CodeSystem/v2-0203"/>
        <code value="NIIP"/>
        <display value="National Insurance Payor Identifier (Payor)"/>
        <userSelected value="true"/>
      </coding>
      <text value="HIOS product ID"/>
    </type>
    <system value="http://www.cms.gov/CCIIO"/>
    <value value="HPID400000"/>
    <assigner>
      <display value="Centers for Medicare and Medicaid Services"/>
    </assigner>
  </identifier>
  <status value="active"/>
  <type>
    <coding>
      <system value="http://terminology.hl7.org/CodeSystem/insurance-plan-type"/>
      <code value="medical"/>
      <display value="Medical"/>
    </coding>
    <text value="Medical"/>
  </type>
  <name value="Green Circle of ConnecticutSilver HMO Plan"/>
  <alias value="GC CT SILVER HMO"/>
  <ownedBy>
    <reference value="Organization/plannet-organization-1230220000"/>
    <display value="Green Circle"/>
  </ownedBy>
  <administeredBy>
    <reference value="Organization/plannet-organization-1230220000"/>
    <display value="Green Circle"/>
  </administeredBy>
  <network>
    <reference value="Organization/plannet-network-HPID050000"/>
    <display value="Green Circle of Connecticut HMO"/>
  </network>
</InsurancePlan>