<?xml version="1.0" encoding="UTF-8"?>

<Location xmlns="http://hl7.org/fhir">
  <id value="plannet-location-1230188327"/>
  <meta>
    <profile value="http://hl7.org/fhir/us/davinci-pdex-plan-net/StructureDefinition/plannet-Location"/>
  </meta>
  <text>
    <status value="generated"/><div xmlns="http://www.w3.org/1999/xhtml"><p><b>Generated Narrative with Details</b></p><p><b>id</b>: plannet-location-1230188327</p><p><b>meta</b>: </p><p><b>identifier</b>: main campus (SECONDARY)</p><p><b>status</b>: active</p><p><b>name</b>: SOUNDVIEW ORTHOPAEDIC ASSOC. LLP</p><p><b>description</b>: Main campus of SOUNDVIEW ORTHOPAEDIC ASSOC. LLP</p><p><b>telecom</b>: ph: 743.125.4429 x2376(WORK), fax: 779-475-4330 x580(WORK)</p><p><b>address</b>: 101 AIRPORT RD, WESTERLY, RI 028913432(WORK)</p><h3>Positions</h3><table class="grid"><tr><td>-</td><td><b>Longitude</b></td><td><b>Latitude</b></td></tr><tr><td>*</td><td>-71.81142</td><td>41.349716</td></tr></table><p><b>managingOrganization</b>: <a href="Organization/plannet-organization-1230188327">SOUNDVIEW ORTHOPAEDIC ASSOC. LLP</a></p><h3>HoursOfOperations</h3><table class="grid"><tr><td>-</td><td><b>DaysOfWeek</b></td><td><b>AllDay</b></td></tr><tr><td>*</td><td>mon</td><td>true</td></tr></table><p><b>availabilityExceptions</b>: visiting hours from 6:00 am - 10:00 pm</p></div>
  </text>
  <extension url="http://hl7.org/fhir/uv/vhdir/StructureDefinition/accessibility">
    <valueCodeableConcept>
      <coding>
        <system value="http://hl7.org/fhir/uv/vhdir/CodeSystem/accessibility"/>
        <code value="handiaccess"/>
        <display value="handicap accessible"/>
      </coding>
      <text value="Offers a variety of services and programs for persons with disabilities"/>
    </valueCodeableConcept>
  </extension>
  <extension url="http://hl7.org/fhir/us/davinci-pdex-plan-net/StructureDefinition/newpatients">
    <extension url="acceptingPatients">
      <valueBoolean value="false"/>
    </extension>
  </extension>
  <extension url="http://hl7.org/fhir/uv/vhdir/StructureDefinition/newpatientprofile">
    <valueString value="This location accepts all types of patients"/>
  </extension>
  <identifier>
    <extension url="http://hl7.org/fhir/uv/vhdir/StructureDefinition/identifier-status">
      <valueCode value="active"/>
    </extension>
    <use value="secondary"/>
    <system value="https://soundview-orthopaedic-assoc-llp.com"/>
    <value value="main campus"/>
    <assigner>
      <reference value="Organization/plannet-organization-1230188327"/>
      <display value="SOUNDVIEW ORTHOPAEDIC ASSOC. LLP"/>
    </assigner>
  </identifier>
  <status value="active"/>
  <name value="SOUNDVIEW ORTHOPAEDIC ASSOC. LLP"/>
  <description value="Main campus of SOUNDVIEW ORTHOPAEDIC ASSOC. LLP"/>
  <telecom>
    <extension url="http://hl7.org/fhir/uv/vhdir/StructureDefinition/contactpoint-availabletime">
      <extension url="allDay">
        <valueBoolean value="true"/>
      </extension>
    </extension>
    <system value="phone"/>
    <value value="743.125.4429 x2376"/>
    <use value="work"/>
  </telecom>
  <telecom>
    <extension url="http://hl7.org/fhir/uv/vhdir/StructureDefinition/contactpoint-availabletime">
      <extension url="allDay">
        <valueBoolean value="true"/>
      </extension>
    </extension>
    <system value="fax"/>
    <value value="779-475-4330 x580"/>
    <use value="work"/>
  </telecom>
  <address>
    <use value="work"/>
    <type value="both"/>
    <text value="101 AIRPORT RD, WESTERLY, RI 028913432"/>
    <line value="101 AIRPORT RD"/>
    <city value="WESTERLY"/>
    <state value="RI"/>
    <postalCode value="028913432"/>
    <country value="USA"/>
  </address>
  <position>
    <longitude value="-71.81142"/>
    <latitude value="41.349716"/>
  </position>
  <managingOrganization>
    <reference value="Organization/plannet-organization-1230188327"/>
    <display value="SOUNDVIEW ORTHOPAEDIC ASSOC. LLP"/>
  </managingOrganization>
  <hoursOfOperation>
    <daysOfWeek value="mon"/>
    <daysOfWeek value="tue"/>
    <daysOfWeek value="wed"/>
    <daysOfWeek value="thu"/>
    <daysOfWeek value="fri"/>
    <daysOfWeek value="sat"/>
    <daysOfWeek value="sun"/>
    <allDay value="true"/>
  </hoursOfOperation>
  <availabilityExceptions value="visiting hours from 6:00 am - 10:00 pm"/>
</Location>