<?xml version="1.0" encoding="UTF-8"?>

<SearchParameter xmlns="http://hl7.org/fhir">
  <id value="healthcareservice-new-patient-network"/>
  <text>
    <status value="generated"/><div xmlns="http://www.w3.org/1999/xhtml"><p><b>Generated Narrative with Details</b></p><p><b>id</b>: healthcareservice-new-patient-network</p><p><b>url</b>: <a href="http://hl7.org/fhir/us/davinci-pdex-plan-net/SearchParameter/healthcareservice-new-patient-network">http://hl7.org/fhir/us/davinci-pdex-plan-net/SearchParameter/healthcareservice-new-patient-network</a></p><p><b>version</b>: 0.1.0</p><p><b>name</b>: Plannet_sp_healthcareservice_new_patient_network</p><p><b>status</b>: active</p><p><b>date</b>: May 22, 2018 8:00:00 PM</p><p><b>publisher</b>: HL7 Financial Management Working Group</p><p><b>contact</b>: </p><p><b>description</b>: Select HealthcareServices that are part of the specified network and are/are not accepting new patients</p><p><b>code</b>: new-patient-network</p><p><b>base</b>: HealthcareService</p><p><b>type</b>: reference</p><p><b>expression</b>: HealthcareService.extension.where(url='http://hl7.org/fhir/us/davinci-pdex-plan-net/StructureDefinition/plannet-NewPatients-extension').extension.where(url='network')</p><p><b>target</b>: Organization</p><p><b>multipleOr</b>: true</p><p><b>multipleAnd</b>: true</p><p><b>chain</b>: identifier, name, partof</p></div>
  </text>
  <url value="http://hl7.org/fhir/us/davinci-pdex-plan-net/SearchParameter/healthcareservice-new-patient-network"/>
  <version value="0.1.0"/>
  <name value="Plannet_sp_healthcareservice_new_patient_network"/>
  <status value="active"/>
  <date value="2018-05-22T20:00:00-04:00"/>
  <publisher value="HL7 Financial Management Working Group"/>
  <contact>
    <name value="HL7 Financial Management Working Group"/>
    <telecom>
      <system value="url"/>
      <value value="http://www.hl7.org/Special/committees/fm/index.cfm"/>
    </telecom>
    <telecom>
      <system value="email"/>
      <value value="fm@lists.HL7.org"/>
    </telecom>
  </contact>
  <description value="Select HealthcareServices that are part of the specified network and are/are not accepting new patients"/>
  <code value="new-patient-network"/>
  <base value="HealthcareService"/>
  <type value="reference"/>
  <expression value="HealthcareService.extension.where(url=&#39;http://hl7.org/fhir/us/davinci-pdex-plan-net/StructureDefinition/plannet-NewPatients-extension&#39;).extension.where(url=&#39;network&#39;)"/>
  <target value="Organization"/>
  <multipleOr value="true"/>
  <multipleAnd value="true"/>
  <chain value="identifier"/>
  <chain value="name"/>
  <chain value="partof"/>
</SearchParameter>