{
  "resourceType": "SearchParameter",
  "id": "practitionerrole-qualification-code",
  "text": {
    "status": "generated",
    "div": "<div xmlns=\"http://www.w3.org/1999/xhtml\"><p><b>Generated Narrative with Details</b></p><p><b>id</b>: practitionerrole-qualification-code</p><p><b>url</b>: <a href=\"http://hl7.org/fhir/us/davinci-pdex-plan-net/SearchParameter/practitionerrole-qualification-code\">http://hl7.org/fhir/us/davinci-pdex-plan-net/SearchParameter/practitionerrole-qualification-code</a></p><p><b>version</b>: 0.1.0</p><p><b>name</b>: Plannet_sp_practitionerrole_qualification_code</p><p><b>status</b>: active</p><p><b>date</b>: May 22, 2018 8:00:00 PM</p><p><b>publisher</b>: HL7 Financial Management Working Group</p><p><b>contact</b>: </p><p><b>description</b>: Select PractitionerRoles with a type of qualification matching the specified code</p><p><b>code</b>: qualification-code</p><p><b>base</b>: PractitionerRole</p><p><b>type</b>: token</p><p><b>expression</b>: PractitionerRole.extension.where(url='http://hl7.org/fhir/uv/vhdir/StructureDefinition/qualification').extension.where(url='code')</p><p><b>multipleOr</b>: true</p><p><b>multipleAnd</b>: true</p><p><b>modifier</b>: text</p></div>"
  },
  "url": "http://hl7.org/fhir/us/davinci-pdex-plan-net/SearchParameter/practitionerrole-qualification-code",
  "version": "0.1.0",
  "name": "Plannet_sp_practitionerrole_qualification_code",
  "status": "active",
  "date": "2018-05-22T20:00:00-04:00",
  "publisher": "HL7 Financial Management Working Group",
  "contact": [
    {
      "name": "HL7 Financial Management Working Group",
      "telecom": [
        {
          "system": "url",
          "value": "http://www.hl7.org/Special/committees/fm/index.cfm"
        },
        {
          "system": "email",
          "value": "fm@lists.HL7.org"
        }
      ]
    }
  ],
  "description": "Select PractitionerRoles with a type of qualification matching the specified code",
  "code": "qualification-code",
  "base": [
    "PractitionerRole"
  ],
  "type": "token",
  "expression": "PractitionerRole.extension.where(url='http://hl7.org/fhir/uv/vhdir/StructureDefinition/qualification').extension.where(url='code')",
  "multipleOr": true,
  "multipleAnd": true,
  "modifier": [
    "text"
  ]
}