{
  "resourceType": "SearchParameter",
  "id": "insuranceplan-name",
  "text": {
    "status": "generated",
    "div": "<div xmlns=\"http://www.w3.org/1999/xhtml\"><p><b>Generated Narrative with Details</b></p><p><b>id</b>: insuranceplan-name</p><p><b>url</b>: <a href=\"http://hl7.org/fhir/us/davinci-pdex-plan-net/SearchParameter/insuranceplan-name\">http://hl7.org/fhir/us/davinci-pdex-plan-net/SearchParameter/insuranceplan-name</a></p><p><b>version</b>: 0.1.0</p><p><b>name</b>: Plannet_sp_insuranceplan_name</p><p><b>derivedFrom</b>: <a href=\"http://hl7.org/fhir/SearchParameter/InsurancePlan-name\">http://hl7.org/fhir/SearchParameter/InsurancePlan-name</a></p><p><b>status</b>: active</p><p><b>date</b>: May 22, 2018 8:00:00 PM</p><p><b>publisher</b>: Saul Kravitz</p><p><b>contact</b>: </p><p><b>description</b>: Select products with the specified name</p><p><b>code</b>: name</p><p><b>base</b>: InsurancePlan</p><p><b>type</b>: string</p><p><b>expression</b>: InsurancePlan.name|InsurancePlan.alias</p><p><b>multipleOr</b>: true</p><p><b>multipleAnd</b>: true</p><p><b>modifier</b>: exact, contains</p></div>"
  },
  "url": "http://hl7.org/fhir/us/davinci-pdex-plan-net/SearchParameter/insuranceplan-name",
  "version": "0.1.0",
  "name": "Plannet_sp_insuranceplan_name",
  "derivedFrom": "http://hl7.org/fhir/SearchParameter/InsurancePlan-name",
  "status": "active",
  "date": "2018-05-22T20:00:00-04:00",
  "publisher": "Saul Kravitz",
  "contact": [
    {
      "name": "Saul Kravitz",
      "telecom": [
        {
          "system": "email",
          "value": "saul@mitre.org"
        }
      ]
    }
  ],
  "description": "Select products with the specified name",
  "code": "name",
  "base": [
    "InsurancePlan"
  ],
  "type": "string",
  "expression": "InsurancePlan.name|InsurancePlan.alias",
  "multipleOr": true,
  "multipleAnd": true,
  "modifier": [
    "exact",
    "contains"
  ]
}