<?xml version="1.0" encoding="UTF-8"?>

<SearchParameter xmlns="http://hl7.org/fhir">
  <id value="insuranceplan-plan-network"/>
  <text>
    <status value="generated"/><div xmlns="http://www.w3.org/1999/xhtml"><p><b>Generated Narrative with Details</b></p><p><b>id</b>: insuranceplan-plan-network</p><p><b>url</b>: <a href="http://hl7.org/fhir/us/davinci-pdex-plan-net/SearchParameter/insuranceplan-plan-network">http://hl7.org/fhir/us/davinci-pdex-plan-net/SearchParameter/insuranceplan-plan-network</a></p><p><b>version</b>: 0.1.0</p><p><b>name</b>: Plannet_sp_insuranceplan_plan_network</p><p><b>status</b>: active</p><p><b>date</b>: May 22, 2018 8:00:00 PM</p><p><b>publisher</b>: Saul Kravitz</p><p><b>contact</b>: </p><p><b>description</b>: Select plans associated with the specified health insurance provider network</p><p><b>code</b>: plan-network</p><p><b>base</b>: InsurancePlan</p><p><b>type</b>: reference</p><p><b>expression</b>: InsurancePlan.plan.network</p><p><b>target</b>: Organization</p><p><b>multipleOr</b>: true</p><p><b>multipleAnd</b>: true</p><p><b>chain</b>: identifier, name, partof</p></div>
  </text>
  <url value="http://hl7.org/fhir/us/davinci-pdex-plan-net/SearchParameter/insuranceplan-plan-network"/>
  <version value="0.1.0"/>
  <name value="Plannet_sp_insuranceplan_plan_network"/>
  <status value="active"/>
  <date value="2018-05-22T20:00:00-04:00"/>
  <publisher value="Saul Kravitz"/>
  <contact>
    <name value="Saul Kravitz"/>
    <telecom>
      <system value="email"/>
      <value value="saul@mitre.org"/>
    </telecom>
  </contact>
  <description value="Select plans associated with the specified health insurance provider network"/>
  <code value="plan-network"/>
  <base value="InsurancePlan"/>
  <type value="reference"/>
  <expression value="InsurancePlan.plan.network"/>
  <target value="Organization"/>
  <multipleOr value="true"/>
  <multipleAnd value="true"/>
  <chain value="identifier"/>
  <chain value="name"/>
  <chain value="partof"/>
</SearchParameter>