<?xml version="1.0" encoding="UTF-8"?>

<SearchParameter xmlns="http://hl7.org/fhir">
  <id value="practitionerrole-identifier"/>
  <text>
    <status value="generated"/><div xmlns="http://www.w3.org/1999/xhtml"><p><b>Generated Narrative with Details</b></p><p><b>id</b>: practitionerrole-identifier</p><p><b>url</b>: <a href="http://hl7.org/fhir/us/davinci-pdex-plan-net/SearchParameter/practitionerrole-identifier">http://hl7.org/fhir/us/davinci-pdex-plan-net/SearchParameter/practitionerrole-identifier</a></p><p><b>version</b>: 0.1.0</p><p><b>name</b>: Plannet_sp_practitionerrole_identifier</p><p><b>derivedFrom</b>: <a href="http://hl7.org/fhir/SearchParameter/PractitionerRole-identifier">http://hl7.org/fhir/SearchParameter/PractitionerRole-identifier</a></p><p><b>status</b>: active</p><p><b>date</b>: May 22, 2018 8:00:00 PM</p><p><b>publisher</b>: Saul Kravitz</p><p><b>contact</b>: </p><p><b>description</b>: Select PractitionerRoles with the specified identifier</p><p><b>code</b>: identifier</p><p><b>base</b>: PractitionerRole</p><p><b>type</b>: token</p><p><b>expression</b>: PractitionerRole.identifier</p><p><b>multipleOr</b>: true</p><p><b>multipleAnd</b>: true</p><p><b>modifier</b>: text, ofType</p></div>
  </text>
  <url value="http://hl7.org/fhir/us/davinci-pdex-plan-net/SearchParameter/practitionerrole-identifier"/>
  <version value="0.1.0"/>
  <name value="Plannet_sp_practitionerrole_identifier"/>
  <derivedFrom value="http://hl7.org/fhir/SearchParameter/PractitionerRole-identifier"/>
  <status value="active"/>
  <date value="2018-05-22T20:00:00-04:00"/>
  <publisher value="Saul Kravitz"/>
  <contact>
    <name value="Saul Kravitz"/>
    <telecom>
      <system value="email"/>
      <value value="saul@mitre.org"/>
    </telecom>
  </contact>
  <description value="Select PractitionerRoles with the specified identifier"/>
  <code value="identifier"/>
  <base value="PractitionerRole"/>
  <type value="token"/>
  <expression value="PractitionerRole.identifier"/>
  <multipleOr value="true"/>
  <multipleAnd value="true"/>
  <modifier value="text"/>
  <modifier value="ofType"/>
</SearchParameter>