{
  "resourceType": "SearchParameter",
  "id": "location-new-patient",
  "text": {
    "status": "generated",
    "div": "<div xmlns=\"http://www.w3.org/1999/xhtml\"><p><b>Generated Narrative with Details</b></p><p><b>id</b>: location-new-patient</p><p><b>url</b>: <a href=\"http://hl7.org/fhir/us/davinci-pdex-plan-net/SearchParameter/location-new-patient\">http://hl7.org/fhir/us/davinci-pdex-plan-net/SearchParameter/location-new-patient</a></p><p><b>version</b>: 0.1.0</p><p><b>name</b>: Plannet_sp_location_new_patient</p><p><b>status</b>: active</p><p><b>date</b>: May 22, 2018 8:00:00 PM</p><p><b>publisher</b>: Saul Kravitz</p><p><b>contact</b>: </p><p><b>description</b>: Select locations that are/are not accepting new patients</p><p><b>code</b>: new-patient</p><p><b>base</b>: Location</p><p><b>type</b>: token</p><p><b>expression</b>: Location.extension.where(url='http://hl7.org/fhir/us/davinci-pdex-plan-net/StructureDefinition/plannet-NewPatients-extension').extension.where(url='acceptingPatients')</p><p><b>multipleAnd</b>: true</p></div>"
  },
  "url": "http://hl7.org/fhir/us/davinci-pdex-plan-net/SearchParameter/location-new-patient",
  "version": "0.1.0",
  "name": "Plannet_sp_location_new_patient",
  "status": "active",
  "date": "2018-05-22T20:00:00-04:00",
  "publisher": "Saul Kravitz",
  "contact": [
    {
      "name": "Saul Kravitz",
      "telecom": [
        {
          "system": "email",
          "value": "saul@mitre.org"
        }
      ]
    }
  ],
  "description": "Select locations that are/are not accepting new patients",
  "code": "new-patient",
  "base": [
    "Location"
  ],
  "type": "token",
  "expression": "Location.extension.where(url='http://hl7.org/fhir/us/davinci-pdex-plan-net/StructureDefinition/plannet-NewPatients-extension').extension.where(url='acceptingPatients')",
  "multipleAnd": true
}