{
  "package": "hl7.fhir.us.davinci-pdex-plan-net",
  "version": "0.1.0",
  "fhirVersion": "4.0.1",
  "extensions": [
    {
      "url": "http://hl7.org/fhir/us/davinci-pdex-plan-net/StructureDefinition/endpoint-usecase",
      "title": "Endpoint Usecase",
      "types": [
        "CodeableConcept",
        "CodeableConcept",
        "uri",
        "base64Binary",
        "boolean",
        "canonical",
        "code",
        "date",
        "dateTime",
        "decimal",
        "id",
        "instant",
        "integer",
        "markdown",
        "oid",
        "positiveInt",
        "string",
        "time",
        "unsignedInt",
        "uri",
        "url",
        "uuid",
        "Address",
        "Age",
        "Annotation",
        "Attachment",
        "CodeableConcept",
        "Coding",
        "ContactPoint",
        "Count",
        "Distance",
        "Duration",
        "HumanName",
        "Identifier",
        "Money",
        "Period",
        "Quantity",
        "Range",
        "Ratio",
        "Reference",
        "SampledData",
        "Signature",
        "Timing",
        "ContactDetail",
        "Contributor",
        "DataRequirement",
        "Expression",
        "ParameterDefinition",
        "RelatedArtifact",
        "TriggerDefinition",
        "UsageContext",
        "Dosage",
        "Meta"
      ]
    },
    {
      "url": "http://hl7.org/fhir/us/davinci-pdex-plan-net/StructureDefinition/location-reference",
      "title": "Location Reference",
      "types": [
        "Reference",
        "Reference"
      ]
    },
    {
      "url": "http://hl7.org/fhir/us/davinci-pdex-plan-net/StructureDefinition/network-reference",
      "title": "Network Reference",
      "types": [
        "Reference",
        "Reference"
      ]
    },
    {
      "url": "http://hl7.org/fhir/us/davinci-pdex-plan-net/StructureDefinition/newpatients",
      "title": "New Patients",
      "types": [
        "boolean",
        "Reference",
        "base64Binary",
        "boolean",
        "canonical",
        "code",
        "date",
        "dateTime",
        "decimal",
        "id",
        "instant",
        "integer",
        "markdown",
        "oid",
        "positiveInt",
        "string",
        "time",
        "unsignedInt",
        "uri",
        "url",
        "uuid",
        "Address",
        "Age",
        "Annotation",
        "Attachment",
        "CodeableConcept",
        "Coding",
        "ContactPoint",
        "Count",
        "Distance",
        "Duration",
        "HumanName",
        "Identifier",
        "Money",
        "Period",
        "Quantity",
        "Range",
        "Ratio",
        "Reference",
        "SampledData",
        "Signature",
        "Timing",
        "ContactDetail",
        "Contributor",
        "DataRequirement",
        "Expression",
        "ParameterDefinition",
        "RelatedArtifact",
        "TriggerDefinition",
        "UsageContext",
        "Dosage",
        "Meta"
      ]
    },
    {
      "url": "http://hl7.org/fhir/us/davinci-pdex-plan-net/StructureDefinition/via-intermediary",
      "title": "Via Intermediary",
      "types": [
        "Reference",
        "Reference"
      ]
    }
  ],
  "profiles": {
    "Endpoint": [
      {
        "url": "http://hl7.org/fhir/us/davinci-pdex-plan-net/StructureDefinition/plannet-Endpoint",
        "title": "Plan-net Endpoint"
      }
    ],
    "HealthcareService": [
      {
        "url": "http://hl7.org/fhir/us/davinci-pdex-plan-net/StructureDefinition/plannet-HealthcareService",
        "title": "Plan-net HealthcareService"
      }
    ],
    "InsurancePlan": [
      {
        "url": "http://hl7.org/fhir/us/davinci-pdex-plan-net/StructureDefinition/plannet-InsurancePlan",
        "title": "Plan-net InsurancePlan"
      }
    ],
    "Location": [
      {
        "url": "http://hl7.org/fhir/us/davinci-pdex-plan-net/StructureDefinition/plannet-Location",
        "title": "Plan-net Location"
      }
    ],
    "Organization": [
      {
        "url": "http://hl7.org/fhir/us/davinci-pdex-plan-net/StructureDefinition/plannet-Network",
        "title": "Plan-net Network"
      },
      {
        "url": "http://hl7.org/fhir/us/davinci-pdex-plan-net/StructureDefinition/plannet-Organization",
        "title": "Plan-net Organization"
      }
    ],
    "OrganizationAffiliation": [
      {
        "url": "http://hl7.org/fhir/us/davinci-pdex-plan-net/StructureDefinition/plannet-OrganizationAffiliation",
        "title": "Plan-net OrganizationAffiliation"
      }
    ],
    "Practitioner": [
      {
        "url": "http://hl7.org/fhir/us/davinci-pdex-plan-net/StructureDefinition/plannet-Practitioner",
        "title": "Plan-net Practitioner"
      }
    ],
    "PractitionerRole": [
      {
        "url": "http://hl7.org/fhir/us/davinci-pdex-plan-net/StructureDefinition/plannet-PractitionerRole",
        "title": "Plan-net PractitionerRole"
      }
    ]
  },
  "usage": {
    "http://hl7.org/fhir/StructureDefinition/capabilitystatement-expectation": [
      "CapabilityStatement.rest.interaction",
      "CapabilityStatement.rest.resource.interaction",
      "CapabilityStatement.rest.resource.searchInclude",
      "CapabilityStatement.rest.resource.searchParam",
      "CapabilityStatement.rest.resource.searchRevInclude",
      "CapabilityStatement.rest.searchParam"
    ],
    "http://hl7.org/fhir/StructureDefinition/elementdefinition-bestpractice": [
      "StructureDefinition.snapshot.element.constraint"
    ],
    "http://hl7.org/fhir/StructureDefinition/elementdefinition-bestpractice-explanation": [
      "StructureDefinition.snapshot.element.constraint"
    ],
    "http://hl7.org/fhir/StructureDefinition/elementdefinition-bindingName": [
      "StructureDefinition.snapshot.element.binding"
    ],
    "http://hl7.org/fhir/StructureDefinition/elementdefinition-isCommonBinding": [
      "StructureDefinition.snapshot.element.binding"
    ],
    "http://hl7.org/fhir/StructureDefinition/elementdefinition-maxValueSet": [
      "StructureDefinition.snapshot.element.binding"
    ],
    "http://hl7.org/fhir/StructureDefinition/geolocation": [
      "Organization.address",
      "Organization.contact.address",
      "Practitioner.address"
    ],
    "http://hl7.org/fhir/StructureDefinition/structuredefinition-explicit-type-name": [
      "StructureDefinition.snapshot.element"
    ],
    "http://hl7.org/fhir/StructureDefinition/structuredefinition-fhir-type": [
      "StructureDefinition.snapshot.element.type"
    ],
    "http://hl7.org/fhir/StructureDefinition/structuredefinition-hierarchy": [
      "StructureDefinition.differential.element.type",
      "StructureDefinition.snapshot.element.type"
    ],
    "http://hl7.org/fhir/tools/StructureDefinition/ig-parameter": [
      "ImplementationGuide.definition"
    ],
    "http://hl7.org/fhir/tools/StructureDefinition/resource-information": [
      "ImplementationGuide.definition.resource"
    ],
    "http://hl7.org/fhir/us/davinci-pdex-plan-net/StructureDefinition/endpoint-usecase": [
      "Endpoint",
      "Endpoint.identifier"
    ],
    "http://hl7.org/fhir/us/davinci-pdex-plan-net/StructureDefinition/location-reference": [
      "Organization"
    ],
    "http://hl7.org/fhir/us/davinci-pdex-plan-net/StructureDefinition/network-reference": [
      "PractitionerRole"
    ],
    "http://hl7.org/fhir/us/davinci-pdex-plan-net/StructureDefinition/newpatients": [
      "HealthcareService",
      "Location",
      "PractitionerRole"
    ],
    "http://hl7.org/fhir/us/davinci-pdex-plan-net/StructureDefinition/via-intermediary": [
      "Endpoint.contact",
      "HealthcareService.telecom",
      "InsurancePlan.contact.telecom",
      "Location.telecom",
      "Organization.contact.telecom",
      "Organization.telecom",
      "Practitioner.telecom",
      "PractitionerRole.telecom"
    ],
    "http://hl7.org/fhir/uv/vhdir/StructureDefinition/accessibility": [
      "Location",
      "Practitioner"
    ],
    "http://hl7.org/fhir/uv/vhdir/StructureDefinition/communication-proficiency": [
      "Practitioner",
      "Practitioner.communication"
    ],
    "http://hl7.org/fhir/uv/vhdir/StructureDefinition/contactpoint-availabletime": [
      "Endpoint.contact",
      "HealthcareService.telecom",
      "InsurancePlan.contact.telecom",
      "Location.telecom",
      "Organization.contact.telecom",
      "Organization.telecom",
      "OrganizationAffiliation.telecom",
      "Practitioner.telecom",
      "PractitionerRole.telecom"
    ],
    "http://hl7.org/fhir/uv/vhdir/StructureDefinition/endpoint-usecase": [
      "Endpoint"
    ],
    "http://hl7.org/fhir/uv/vhdir/StructureDefinition/identifier-status": [
      "HealthcareService.identifier",
      "InsurancePlan.identifier",
      "Location.identifier",
      "Organization.identifier",
      "Practitioner.qualification.identifier",
      "PractitionerRole.identifier"
    ],
    "http://hl7.org/fhir/uv/vhdir/StructureDefinition/newpatientprofile": [
      "Location",
      "PractitionerRole"
    ],
    "http://hl7.org/fhir/uv/vhdir/StructureDefinition/org-alias-period": [
      "Organization.alias"
    ],
    "http://hl7.org/fhir/uv/vhdir/StructureDefinition/org-alias-type": [
      "Organization.alias"
    ],
    "http://hl7.org/fhir/uv/vhdir/StructureDefinition/org-description": [
      "Organization"
    ],
    "http://hl7.org/fhir/uv/vhdir/StructureDefinition/practitioner-qualification": [
      "Practitioner.qualification"
    ],
    "http://hl7.org/fhir/uv/vhdir/StructureDefinition/qualification": [
      "Organization",
      "PractitionerRole"
    ]
  }
}