{"resourceType":"ImplementationGuide","id":"hl7.fhir.us.davinci-pdex-plan-net","text":{"status":"generated","div":"<div xmlns=\"http://www.w3.org/1999/xhtml\"><h2>DaVinciPDEXPlanNet</h2><p>The official URL for this implementation guide is: </p><pre>http://hl7.org/fhir/us/davinci-pdex-plan-net/ImplementationGuide/hl7.fhir.us.davinci-pdex-plan-net</pre><div><p>Davinci PDEX Plan Net -- FSH version</p>\n</div></div>"},"url":"http://hl7.org/fhir/us/davinci-pdex-plan-net/ImplementationGuide/hl7.fhir.us.davinci-pdex-plan-net","version":"0.1.0","name":"DaVinciPDEXPlanNet","title":"DaVinci PDEX Plan Net","status":"active","date":"2020-03-30T19:05:40-04:00","publisher":"HL7 Financial Management Working Group","contact":[{"name":"HL7 Financial Management Working Group","telecom":[{"system":"url","value":"http://www.hl7.org/Special/committees/fm/index.cfm"},{"system":"email","value":"fm@lists.HL7.org"}]}],"description":"Davinci PDEX Plan Net -- FSH version","packageId":"hl7.fhir.us.davinci-pdex-plan-net","license":"CC0-1.0","fhirVersion":["4.0.1"],"dependsOn":[{"uri":"http://hl7.org/fhir/us/core/ImplementationGuide/hl7.fhir.us.core","packageId":"hl7.fhir.us.core","version":"3.1.0"},{"uri":"http://hl7.org/fhir/uv/vhdir/ImplementationGuide/hl7.core.uv.vhdir","packageId":"hl7.fhir.uv.vhdir","version":"current"}],"definition":{"extension":[{"extension":[{"url":"code","valueString":"copyrightyear"},{"url":"value","valueString":"2020+"}],"url":"http://hl7.org/fhir/tools/StructureDefinition/ig-parameter"},{"extension":[{"url":"code","valueString":"releaselabel"},{"url":"value","valueString":"STU1"}],"url":"http://hl7.org/fhir/tools/StructureDefinition/ig-parameter"},{"extension":[{"url":"code","valueString":"show-inherited-invariants"},{"url":"value","valueString":"false"}],"url":"http://hl7.org/fhir/tools/StructureDefinition/ig-parameter"},{"extension":[{"url":"code","valueString":"path-history"},{"url":"value","valueString":"http://hl7.org/fhir/us/davinci-pdex-plan-net/history.html"}],"url":"http://hl7.org/fhir/tools/StructureDefinition/ig-parameter"},{"extension":[{"url":"code","valueString":"path-qa"},{"url":"value","valueString":"temp/qa"}],"url":"http://hl7.org/fhir/tools/StructureDefinition/ig-parameter"},{"extension":[{"url":"code","valueString":"path-temp"},{"url":"value","valueString":"temp/pages"}],"url":"http://hl7.org/fhir/tools/StructureDefinition/ig-parameter"},{"extension":[{"url":"code","valueString":"path-output"},{"url":"value","valueString":"output"}],"url":"http://hl7.org/fhir/tools/StructureDefinition/ig-parameter"},{"extension":[{"url":"code","valueString":"path-suppressed-warnings"},{"url":"value","valueString":"input/ignoreWarnings.txt"}],"url":"http://hl7.org/fhir/tools/StructureDefinition/ig-parameter"},{"extension":[{"url":"code","valueString":"template-html"},{"url":"value","valueString":"template-page.html"}],"url":"http://hl7.org/fhir/tools/StructureDefinition/ig-parameter"},{"extension":[{"url":"code","valueString":"template-md"},{"url":"value","valueString":"template-page-md.html"}],"url":"http://hl7.org/fhir/tools/StructureDefinition/ig-parameter"},{"extension":[{"url":"code","valueString":"apply-contact"},{"url":"value","valueString":"true"}],"url":"http://hl7.org/fhir/tools/StructureDefinition/ig-parameter"},{"extension":[{"url":"code","valueString":"apply-context"},{"url":"value","valueString":"true"}],"url":"http://hl7.org/fhir/tools/StructureDefinition/ig-parameter"},{"extension":[{"url":"code","valueString":"apply-copyright"},{"url":"value","valueString":"true"}],"url":"http://hl7.org/fhir/tools/StructureDefinition/ig-parameter"},{"extension":[{"url":"code","valueString":"apply-jurisdiction"},{"url":"value","valueString":"true"}],"url":"http://hl7.org/fhir/tools/StructureDefinition/ig-parameter"},{"extension":[{"url":"code","valueString":"apply-license"},{"url":"value","valueString":"true"}],"url":"http://hl7.org/fhir/tools/StructureDefinition/ig-parameter"},{"extension":[{"url":"code","valueString":"apply-publisher"},{"url":"value","valueString":"true"}],"url":"http://hl7.org/fhir/tools/StructureDefinition/ig-parameter"},{"extension":[{"url":"code","valueString":"apply-version"},{"url":"value","valueString":"true"}],"url":"http://hl7.org/fhir/tools/StructureDefinition/ig-parameter"},{"extension":[{"url":"code","valueString":"active-tables"},{"url":"value","valueString":"true"}],"url":"http://hl7.org/fhir/tools/StructureDefinition/ig-parameter"}],"grouping":[{"id":"_dyn_capabilitystatement","name":"Behavior: Capability Statements","description":"The following artifacts define the specific capabilities that different types of systems are expected to have in order to comply with this implementation guide.  Systems complying with the implementation guide are expected to declare conformance to one or more of the following capability statements."},{"id":"_str_profile","name":"Structures: Resource Profiles","description":"These define constraints on FHIR resources that need to be complied with by conformant implementations"},{"id":"_str_extension","name":"Structures: Extension Definitions","description":"These define constraints on FHIR data types that need to be complied with by conformant implementations"},{"id":"_ex_example","name":"Example: Example Instances","description":"These are example instances that show what data produced and consumed by systems conforming with this implementation guide might look like"},{"id":"_other","name":"Other","description":"These are resources that are used within this implementation guide that don't fit into one of the other categories"}],"resource":[{"extension":[{"url":"http://hl7.org/fhir/StructureDefinition/implementationguide-page","valueUri":"StructureDefinition-plannet-Endpoint.html"}],"reference":{"reference":"StructureDefinition/plannet-Endpoint"},"name":"Plan-net Endpoint","description":"The technical details of an endpoint that can be used for electronic services, such as for web services providing XDS.b or a REST endpoint for another FHIR server. This may include any security context information.","exampleBoolean":false,"groupingId":"_str_profile"},{"extension":[{"url":"http://hl7.org/fhir/StructureDefinition/implementationguide-page","valueUri":"StructureDefinition-plannet-HealthcareService.html"}],"reference":{"reference":"StructureDefinition/plannet-HealthcareService"},"name":"Plan-net HealthcareService","description":"The HealthCareService  resource typically describes services offered by an organization/practitioner at a location. The resource may be used to encompass a variety of services covering the entire healthcare spectrum, including promotion, prevention, diagnostics, hospital and ambulatory care, home care, long-term care, and other health-related and community services.","exampleBoolean":false,"groupingId":"_str_profile"},{"extension":[{"url":"http://hl7.org/fhir/StructureDefinition/implementationguide-page","valueUri":"StructureDefinition-plannet-InsurancePlan.html"}],"reference":{"reference":"StructureDefinition/plannet-InsurancePlan"},"name":"Plan-net InsurancePlan","description":"An InsurancePlan is a discrete package of health insurance coverage benefits that are offered under a particular network type. A given payer’s products typically differ by network type and/or covered benefits. A plan pairs a product’s covered benefits with the particular cost sharing structure offered to a consumer. A given product may comprise multiple plans (i.e. each plan offers different cost sharing requirements for the same set of covered benefits).\n\nInsurancePlan describes a health insurance offering comprised of a list of covered benefits (i.e. the product), costs associated with those benefits (i.e. the plan), and additional information about the offering, such as who it is owned and administered by, a coverage area, contact information, etc.","exampleBoolean":false,"groupingId":"_str_profile"},{"extension":[{"url":"http://hl7.org/fhir/StructureDefinition/implementationguide-page","valueUri":"StructureDefinition-plannet-Location.html"}],"reference":{"reference":"StructureDefinition/plannet-Location"},"name":"Plan-net Location","description":"A Location is the physical place where healthcare services are provided, practitioners are employed, organizations are based, etc. Locations can range in scope from a room in a building to a geographic region/area.","exampleBoolean":false,"groupingId":"_str_profile"},{"extension":[{"url":"http://hl7.org/fhir/StructureDefinition/implementationguide-page","valueUri":"StructureDefinition-plannet-Network.html"}],"reference":{"reference":"StructureDefinition/plannet-Network"},"name":"Plan-net Network","description":"A Network refers to a healthcare provider insurance network. A healthcare provider insurance network is an aggregation of organizations and individuals that deliver a set of services across a geography through health insurance products/plans. A network is typically owned by a payer.\n\nIn the PlanNet IG, individuals and organizations are represented as participants in a PLan-Net Network through the practitionerRole and Plan-Net-organizationAffiliation resources, respectively.\n\n\nGuidance:   When the contact is a department name, rather than a human (e.g., patient help line), include a blank family and given name, and provide the department name in contact.nae.text","exampleBoolean":false,"groupingId":"_str_profile"},{"extension":[{"url":"http://hl7.org/fhir/StructureDefinition/implementationguide-page","valueUri":"StructureDefinition-plannet-Organization.html"}],"reference":{"reference":"StructureDefinition/plannet-Organization"},"name":"Plan-net Organization","description":"An organization is a formal or informal grouping of people or organizations with a common purpose, such as a company, institution, corporation, community group, or healthcare practice.\nGuidance:   When the contact is a department name, rather than a human (e.g., patient help line), include a blank family and given name, and provide the department name in contact.name.text","exampleBoolean":false,"groupingId":"_str_profile"},{"extension":[{"url":"http://hl7.org/fhir/StructureDefinition/implementationguide-page","valueUri":"StructureDefinition-plannet-OrganizationAffiliation.html"}],"reference":{"reference":"StructureDefinition/plannet-OrganizationAffiliation"},"name":"Plan-net OrganizationAffiliation","description":"The OrganizationAffiliation resource describes relationships between two or more organizations, including the services one organization provides another, the location(s) where they provide services, the availability of those services, electronic endpoints, and other relevant information.","exampleBoolean":false,"groupingId":"_str_profile"},{"extension":[{"url":"http://hl7.org/fhir/StructureDefinition/implementationguide-page","valueUri":"StructureDefinition-plannet-Practitioner.html"}],"reference":{"reference":"StructureDefinition/plannet-Practitioner"},"name":"Plan-net Practitioner","description":"Practitioner is a person who is directly or indirectly involved in the provisioning of healthcare.","exampleBoolean":false,"groupingId":"_str_profile"},{"extension":[{"url":"http://hl7.org/fhir/StructureDefinition/implementationguide-page","valueUri":"StructureDefinition-plannet-PractitionerRole.html"}],"reference":{"reference":"StructureDefinition/plannet-PractitionerRole"},"name":"Plan-net PractitionerRole","description":"PractionerRole describes details about a provider, which can be a practitioner or an organization. When the provider is a practitioner, there may be a relationship to an organization. A provider renders services to patients at a location. When the provider is a practitioner, there may also be a relationship to an organization. \nPractitioner participation in healthcare provider insurance networks may be direct or through their role at an organization.   Plannet-PractitionerRole could not be based on USCore because USCore-PractitionerRole Profile \nrequires an associated practitioner and an associated organization which does not take into account that not all providers are people, i.e. the provider could be a \ngroup of people or a facility, nor does it take into account that not all practitioners are affiliated with an organization, i.e. they have a solo practice.","exampleBoolean":false,"groupingId":"_str_profile"},{"extension":[{"url":"http://hl7.org/fhir/StructureDefinition/implementationguide-page","valueUri":"StructureDefinition-endpoint-usecase.html"}],"reference":{"reference":"StructureDefinition/endpoint-usecase"},"name":"Endpoint Usecase","description":"EndpointUseCase is an enumeration of the specific use cases (service descriptions) supported by the endpoint","exampleBoolean":false,"groupingId":"_str_extension"},{"extension":[{"url":"http://hl7.org/fhir/StructureDefinition/implementationguide-page","valueUri":"StructureDefinition-location-reference.html"}],"reference":{"reference":"StructureDefinition/location-reference"},"name":"Location Reference","description":"A reference to a Location resource (plannet-Location) defining the coverage area of a health insurance provider network","exampleBoolean":false,"groupingId":"_str_extension"},{"extension":[{"url":"http://hl7.org/fhir/StructureDefinition/implementationguide-page","valueUri":"StructureDefinition-network-reference.html"}],"reference":{"reference":"StructureDefinition/network-reference"},"name":"Network Reference","description":"A reference to the healthcare provider insurance networks (plannet-Network) the practitioner participates in through their role","exampleBoolean":false,"groupingId":"_str_extension"},{"extension":[{"url":"http://hl7.org/fhir/StructureDefinition/implementationguide-page","valueUri":"StructureDefinition-newpatients.html"}],"reference":{"reference":"StructureDefinition/newpatients"},"name":"New Patients","description":"New Patients indicates whether the practitioner is accepting new patients in their role","exampleBoolean":false,"groupingId":"_str_extension"},{"extension":[{"url":"http://hl7.org/fhir/StructureDefinition/implementationguide-page","valueUri":"StructureDefinition-practitioner-qualification.html"}],"reference":{"reference":"StructureDefinition/practitioner-qualification"},"name":"Practitioner Qualification","description":"An extension to add status and whereValie elements to a practitioner’s qualifications.","exampleBoolean":false,"groupingId":"_str_extension"},{"extension":[{"url":"http://hl7.org/fhir/StructureDefinition/implementationguide-page","valueUri":"StructureDefinition-via-intermediary.html"}],"reference":{"reference":"StructureDefinition/via-intermediary"},"name":"Via Intermediary","description":"A reference to an alternative point of contact (plannet-PractitionerRole, plannet-Organization, plannet-OrganizationAffiliation, or plannet-Location) for this organization","exampleBoolean":false,"groupingId":"_str_extension"},{"extension":[{"url":"http://hl7.org/fhir/StructureDefinition/implementationguide-page","valueUri":"CapabilityStatement-plannet-server.html"}],"reference":{"reference":"CapabilityStatement/plannet-server"},"name":"PDEX Payer Network Server Capability Statement","description":"This Capability Statement defines the expected capabilities of a PDEX Payer Network FHIR server conforming to the PDEX Payer Network Implementation Guide.","exampleBoolean":false,"groupingId":"_dyn_capabilitystatement"},{"extension":[{"url":"http://hl7.org/fhir/StructureDefinition/implementationguide-page","valueUri":"SearchParameter-plannet-available-days.html"}],"reference":{"reference":"SearchParameter/plannet-available-days"},"name":"Plannet_sp_available_days","description":"Days available","exampleBoolean":false,"groupingId":"_other"},{"extension":[{"url":"http://hl7.org/fhir/StructureDefinition/implementationguide-page","valueUri":"SearchParameter-plannet-available-end-time.html"}],"reference":{"reference":"SearchParameter/plannet-available-end-time"},"name":"Plannet_sp_available_end_time","description":"Available end time","exampleBoolean":false,"groupingId":"_other"},{"extension":[{"url":"http://hl7.org/fhir/StructureDefinition/implementationguide-page","valueUri":"SearchParameter-plannet-available-start-time.html"}],"reference":{"reference":"SearchParameter/plannet-available-start-time"},"name":"Plannet_sp_available_days","description":"Available start time","exampleBoolean":false,"groupingId":"_other"},{"extension":[{"url":"http://hl7.org/fhir/StructureDefinition/implementationguide-page","valueUri":"SearchParameter-endpoint-connection-type.html"}],"reference":{"reference":"SearchParameter/endpoint-connection-type"},"name":"Plannet_sp_endpoint_connection_type","description":"Select Endpoints that support the specified protocol/profile/standard","exampleBoolean":false,"groupingId":"_other"},{"extension":[{"url":"http://hl7.org/fhir/StructureDefinition/implementationguide-page","valueUri":"SearchParameter-endpoint-identifier-assigner.html"}],"reference":{"reference":"SearchParameter/endpoint-identifier-assigner"},"name":"Plannet_sp_endpoint_identifier_assigner","description":"Select Endpoints with an identifier issued by the specified organization","exampleBoolean":false,"groupingId":"_other"},{"extension":[{"url":"http://hl7.org/fhir/StructureDefinition/implementationguide-page","valueUri":"SearchParameter-endpoint-identifier.html"}],"reference":{"reference":"SearchParameter/endpoint-identifier"},"name":"Plannet_sp_endpoint_identifier","description":"Select Endpoints with the specified identifier","exampleBoolean":false,"groupingId":"_other"},{"extension":[{"url":"http://hl7.org/fhir/StructureDefinition/implementationguide-page","valueUri":"SearchParameter-endpoint-mime-type.html"}],"reference":{"reference":"SearchParameter/endpoint-mime-type"},"name":"Plannet_sp_endpoint_mime_type","description":"Select endpoints that support the specified media type","exampleBoolean":false,"groupingId":"_other"},{"extension":[{"url":"http://hl7.org/fhir/StructureDefinition/implementationguide-page","valueUri":"SearchParameter-endpoint-organization.html"}],"reference":{"reference":"SearchParameter/endpoint-organization"},"name":"Plannet_sp_endpoint_organization","description":"Select Endpoints managed by the specified organization","exampleBoolean":false,"groupingId":"_other"},{"extension":[{"url":"http://hl7.org/fhir/StructureDefinition/implementationguide-page","valueUri":"SearchParameter-endpoint-payload-type.html"}],"reference":{"reference":"SearchParameter/endpoint-payload-type"},"name":"Plannet_sp_endpoint_payload_type","description":"Select Endpoints that support the specified type of content","exampleBoolean":false,"groupingId":"_other"},{"extension":[{"url":"http://hl7.org/fhir/StructureDefinition/implementationguide-page","valueUri":"SearchParameter-endpoint-usecase-standard.html"}],"reference":{"reference":"SearchParameter/endpoint-usecase-standard"},"name":"Plannet_sp_endpoint_usecase_standard","description":"Select endpoints that support the specified standard","exampleBoolean":false,"groupingId":"_other"},{"extension":[{"url":"http://hl7.org/fhir/StructureDefinition/implementationguide-page","valueUri":"SearchParameter-endpoint-usecase-type.html"}],"reference":{"reference":"SearchParameter/endpoint-usecase-type"},"name":"Plannet_sp_endpoint_usecase_type","description":"Select endpoints that support the type of services indicated by the specified code","exampleBoolean":false,"groupingId":"_other"},{"extension":[{"url":"http://hl7.org/fhir/StructureDefinition/implementationguide-page","valueUri":"SearchParameter-healthcareservice-characteristic.html"}],"reference":{"reference":"SearchParameter/healthcareservice-characteristic"},"name":"Plannet_sp_healthcareservice_characteristic","description":"Select HealthcareServices with the specified characteristic","exampleBoolean":false,"groupingId":"_other"},{"extension":[{"url":"http://hl7.org/fhir/StructureDefinition/implementationguide-page","valueUri":"SearchParameter-healthcareservice-coverage-area.html"}],"reference":{"reference":"SearchParameter/healthcareservice-coverage-area"},"name":"Plannet_sp_healthcareservice_coverage_area","description":"Select services available in a region described by the specified location","exampleBoolean":false,"groupingId":"_other"},{"extension":[{"url":"http://hl7.org/fhir/StructureDefinition/implementationguide-page","valueUri":"SearchParameter-healthcareservice-endpoint.html"}],"reference":{"reference":"SearchParameter/healthcareservice-endpoint"},"name":"Plannet_sp_healthcareservice_endpoint","description":"Select HealthcareServices with the specified endpoint","exampleBoolean":false,"groupingId":"_other"},{"extension":[{"url":"http://hl7.org/fhir/StructureDefinition/implementationguide-page","valueUri":"SearchParameter-healthcareservice-identifier-assigner.html"}],"reference":{"reference":"SearchParameter/healthcareservice-identifier-assigner"},"name":"Plannet_sp_healthcareservice_identifier_assigner","description":"Select HealthcareServices with an identifier issued by the specified organization","exampleBoolean":false,"groupingId":"_other"},{"extension":[{"url":"http://hl7.org/fhir/StructureDefinition/implementationguide-page","valueUri":"SearchParameter-healthcareservice-identifier.html"}],"reference":{"reference":"SearchParameter/healthcareservice-identifier"},"name":"Plannet_sp_healthcareservice_identifier","description":"Select HealthcareServices with the specified identifier","exampleBoolean":false,"groupingId":"_other"},{"extension":[{"url":"http://hl7.org/fhir/StructureDefinition/implementationguide-page","valueUri":"SearchParameter-healthcareservice-location.html"}],"reference":{"reference":"SearchParameter/healthcareservice-location"},"name":"Plannet_sp_healthcareservice_location","description":"Select HealthcareServices available at the specified location","exampleBoolean":false,"groupingId":"_other"},{"extension":[{"url":"http://hl7.org/fhir/StructureDefinition/implementationguide-page","valueUri":"SearchParameter-healthcareservice-name.html"}],"reference":{"reference":"SearchParameter/healthcareservice-name"},"name":"Plannet_sp_healthcareservice_name","description":"Select HealthcareServices with the specified name","exampleBoolean":false,"groupingId":"_other"},{"extension":[{"url":"http://hl7.org/fhir/StructureDefinition/implementationguide-page","valueUri":"SearchParameter-healthcareservice-new-patient-network.html"}],"reference":{"reference":"SearchParameter/healthcareservice-new-patient-network"},"name":"Plannet_sp_healthcareservice_new_patient_network","description":"Select HealthcareServices that are part of the specified network and are/are not accepting new patients","exampleBoolean":false,"groupingId":"_other"},{"extension":[{"url":"http://hl7.org/fhir/StructureDefinition/implementationguide-page","valueUri":"SearchParameter-healthcareservice-new-patient.html"}],"reference":{"reference":"SearchParameter/healthcareservice-new-patient"},"name":"Plannet_sp_healthcareservice_new_patient","description":"Select HealthcareServices that are/are not accepting new patients","exampleBoolean":false,"groupingId":"_other"},{"extension":[{"url":"http://hl7.org/fhir/StructureDefinition/implementationguide-page","valueUri":"SearchParameter-healthcareservice-organization.html"}],"reference":{"reference":"SearchParameter/healthcareservice-organization"},"name":"Plannet_sp_healthcareservice_organization","description":"Select HealthcareServices provided by the specified organization","exampleBoolean":false,"groupingId":"_other"},{"extension":[{"url":"http://hl7.org/fhir/StructureDefinition/implementationguide-page","valueUri":"SearchParameter-healthcareservice-service-category.html"}],"reference":{"reference":"SearchParameter/healthcareservice-service-category"},"name":"Plannet_sp_healthcareservice_category","description":"Select HealthcareServices providing the specified category of services","exampleBoolean":false,"groupingId":"_other"},{"extension":[{"url":"http://hl7.org/fhir/StructureDefinition/implementationguide-page","valueUri":"SearchParameter-healthcareservice-service-type.html"}],"reference":{"reference":"SearchParameter/healthcareservice-service-type"},"name":"Plannet_sp_healthcareservice_type","description":"Select HealthcareServices of the specified type","exampleBoolean":false,"groupingId":"_other"},{"extension":[{"url":"http://hl7.org/fhir/StructureDefinition/implementationguide-page","valueUri":"SearchParameter-healthcareservice-specialty.html"}],"reference":{"reference":"SearchParameter/healthcareservice-specialty"},"name":"Plannet_sp_healthcareservice_specialty","description":"Select services associated with the specified specialty","exampleBoolean":false,"groupingId":"_other"},{"extension":[{"url":"http://hl7.org/fhir/StructureDefinition/implementationguide-page","valueUri":"SearchParameter-insuranceplan-administered-by.html"}],"reference":{"reference":"SearchParameter/insuranceplan-administered-by"},"name":"Plannet_sp_insuranceplan_administered_by","description":"Select products that are administered by the specified organization","exampleBoolean":false,"groupingId":"_other"},{"extension":[{"url":"http://hl7.org/fhir/StructureDefinition/implementationguide-page","valueUri":"SearchParameter-insuranceplan-coverage-area.html"}],"reference":{"reference":"SearchParameter/insuranceplan-coverage-area"},"name":"Plannet_sp_insuranceplan_coverage_area","description":"Select products that are offered in the specified location","exampleBoolean":false,"groupingId":"_other"},{"extension":[{"url":"http://hl7.org/fhir/StructureDefinition/implementationguide-page","valueUri":"SearchParameter-insuranceplan-coverage-benefit-type.html"}],"reference":{"reference":"SearchParameter/insuranceplan-coverage-benefit-type"},"name":"Plannet_sp_insuranceplan_coverage_benefit_type","description":"Select health insurance products offering covered benefits of the specified type","exampleBoolean":false,"groupingId":"_other"},{"extension":[{"url":"http://hl7.org/fhir/StructureDefinition/implementationguide-page","valueUri":"SearchParameter-insuranceplan-coverage-network.html"}],"reference":{"reference":"SearchParameter/insuranceplan-coverage-network"},"name":"Plannet_sp_insuranceplan_coverage_network","description":"Select products offering covered benefits through the specified health insurance provider network","exampleBoolean":false,"groupingId":"_other"},{"extension":[{"url":"http://hl7.org/fhir/StructureDefinition/implementationguide-page","valueUri":"SearchParameter-insuranceplan-coverage-type.html"}],"reference":{"reference":"SearchParameter/insuranceplan-coverage-type"},"name":"Plannet_sp_insuranceplan_coverage_type","description":"Select products offering the specified type of coverage","exampleBoolean":false,"groupingId":"_other"},{"extension":[{"url":"http://hl7.org/fhir/StructureDefinition/implementationguide-page","valueUri":"SearchParameter-insuranceplan-identifier.html"}],"reference":{"reference":"SearchParameter/insuranceplan-identifier"},"name":"Plannet_sp_insuranceplan_identifier","description":"Select products with the specified identifier","exampleBoolean":false,"groupingId":"_other"},{"extension":[{"url":"http://hl7.org/fhir/StructureDefinition/implementationguide-page","valueUri":"SearchParameter-insuranceplan-name.html"}],"reference":{"reference":"SearchParameter/insuranceplan-name"},"name":"Plannet_sp_insuranceplan_name","description":"Select products with the specified name","exampleBoolean":false,"groupingId":"_other"},{"extension":[{"url":"http://hl7.org/fhir/StructureDefinition/implementationguide-page","valueUri":"SearchParameter-insuranceplan-network.html"}],"reference":{"reference":"SearchParameter/insuranceplan-network"},"name":"Plannet_sp_insuranceplan_network","description":"Select products associated with the specified health insurance provider network","exampleBoolean":false,"groupingId":"_other"},{"extension":[{"url":"http://hl7.org/fhir/StructureDefinition/implementationguide-page","valueUri":"SearchParameter-insuranceplan-owned-by.html"}],"reference":{"reference":"SearchParameter/insuranceplan-owned-by"},"name":"Plannet_sp_insuranceplan_owned_by","description":"Select products that are owned by the specified organization","exampleBoolean":false,"groupingId":"_other"},{"extension":[{"url":"http://hl7.org/fhir/StructureDefinition/implementationguide-page","valueUri":"SearchParameter-insuranceplan-plan-coverage-area.html"}],"reference":{"reference":"SearchParameter/insuranceplan-plan-coverage-area"},"name":"Plannet_sp_insuranceplan_plan_coverage_area","description":"Select plans that are available in the specified location","exampleBoolean":false,"groupingId":"_other"},{"extension":[{"url":"http://hl7.org/fhir/StructureDefinition/implementationguide-page","valueUri":"SearchParameter-insuranceplan-plan-identifier.html"}],"reference":{"reference":"SearchParameter/insuranceplan-plan-identifier"},"name":"Plannet_sp_insuranceplan_plan_identifier","description":"Select plans with the specified identifier","exampleBoolean":false,"groupingId":"_other"},{"extension":[{"url":"http://hl7.org/fhir/StructureDefinition/implementationguide-page","valueUri":"SearchParameter-insuranceplan-plan-network.html"}],"reference":{"reference":"SearchParameter/insuranceplan-plan-network"},"name":"Plannet_sp_insuranceplan_plan_network","description":"Select plans associated with the specified health insurance provider network","exampleBoolean":false,"groupingId":"_other"},{"extension":[{"url":"http://hl7.org/fhir/StructureDefinition/implementationguide-page","valueUri":"SearchParameter-insuranceplan-plan-type.html"}],"reference":{"reference":"SearchParameter/insuranceplan-plan-type"},"name":"Plannet_sp_insuranceplan_plan_type","description":"Select plans of the specified type","exampleBoolean":false,"groupingId":"_other"},{"extension":[{"url":"http://hl7.org/fhir/StructureDefinition/implementationguide-page","valueUri":"SearchParameter-insuranceplan-type.html"}],"reference":{"reference":"SearchParameter/insuranceplan-type"},"name":"Plannet_sp_insuranceplan_type","description":"Select insurance plans of the specified type","exampleBoolean":false,"groupingId":"_other"},{"extension":[{"url":"http://hl7.org/fhir/StructureDefinition/implementationguide-page","valueUri":"SearchParameter-location-accessibility.html"}],"reference":{"reference":"SearchParameter/location-accessibility"},"name":"Plannet_sp_location_accessibility","description":"Select locations that offer the specified accessibility options","exampleBoolean":false,"groupingId":"_other"},{"extension":[{"url":"http://hl7.org/fhir/StructureDefinition/implementationguide-page","valueUri":"SearchParameter-location-address.html"}],"reference":{"reference":"SearchParameter/location-address"},"name":"Plannet_sp_location_address","description":"Select Locations with the specified address","exampleBoolean":false,"groupingId":"_other"},{"extension":[{"url":"http://hl7.org/fhir/StructureDefinition/implementationguide-page","valueUri":"SearchParameter-location-contains.html"}],"reference":{"reference":"SearchParameter/location-contains"},"name":"Plannet_sp_location_contains","description":"Select locations that contain the specified co-ordinates","exampleBoolean":false,"groupingId":"_other"},{"extension":[{"url":"http://hl7.org/fhir/StructureDefinition/implementationguide-page","valueUri":"SearchParameter-location-identifier-assigner.html"}],"reference":{"reference":"SearchParameter/location-identifier-assigner"},"name":"Plannet_sp_location_identifier_assigner","description":"Select Locations with an identifier issued by the specified organization","exampleBoolean":false,"groupingId":"_other"},{"extension":[{"url":"http://hl7.org/fhir/StructureDefinition/implementationguide-page","valueUri":"SearchParameter-location-identifier.html"}],"reference":{"reference":"SearchParameter/location-identifier"},"name":"Plannet_sp_location_identifier","description":"Select Locations with the specified identifier","exampleBoolean":false,"groupingId":"_other"},{"extension":[{"url":"http://hl7.org/fhir/StructureDefinition/implementationguide-page","valueUri":"SearchParameter-location-new-patient-network.html"}],"reference":{"reference":"SearchParameter/location-new-patient-network"},"name":"Plannet_sp_location_new_patient_network","description":"Select locations that are part of the specified network and are/are not accepting new patients","exampleBoolean":false,"groupingId":"_other"},{"extension":[{"url":"http://hl7.org/fhir/StructureDefinition/implementationguide-page","valueUri":"SearchParameter-location-new-patient.html"}],"reference":{"reference":"SearchParameter/location-new-patient"},"name":"Plannet_sp_location_new_patient","description":"Select locations that are/are not accepting new patients","exampleBoolean":false,"groupingId":"_other"},{"extension":[{"url":"http://hl7.org/fhir/StructureDefinition/implementationguide-page","valueUri":"SearchParameter-location-organization.html"}],"reference":{"reference":"SearchParameter/location-organization"},"name":"Plannet_sp_location_organization","description":"Select Locations managed by the specified organization","exampleBoolean":false,"groupingId":"_other"},{"extension":[{"url":"http://hl7.org/fhir/StructureDefinition/implementationguide-page","valueUri":"SearchParameter-location-partof.html"}],"reference":{"reference":"SearchParameter/location-partof"},"name":"Plannet_sp_location_partof","description":"Select Locations that are part of the specified location","exampleBoolean":false,"groupingId":"_other"},{"extension":[{"url":"http://hl7.org/fhir/StructureDefinition/implementationguide-page","valueUri":"SearchParameter-location-type.html"}],"reference":{"reference":"SearchParameter/location-type"},"name":"Plannet_sp_location_type","description":"Select Locations of the specified type","exampleBoolean":false,"groupingId":"_other"},{"extension":[{"url":"http://hl7.org/fhir/StructureDefinition/implementationguide-page","valueUri":"SearchParameter-organization-address-city.html"}],"reference":{"reference":"SearchParameter/organization-address-city"},"name":"Plannet_sp_organization_address_city","description":"Select organizations with an address in the specified city","exampleBoolean":false,"groupingId":"_other"},{"extension":[{"url":"http://hl7.org/fhir/StructureDefinition/implementationguide-page","valueUri":"SearchParameter-organization-address-country.html"}],"reference":{"reference":"SearchParameter/organization-address-country"},"name":"Plannet_sp_organization_address_country","description":"Select organizations with an address in the specified country","exampleBoolean":false,"groupingId":"_other"},{"extension":[{"url":"http://hl7.org/fhir/StructureDefinition/implementationguide-page","valueUri":"SearchParameter-organization-address-postalcode.html"}],"reference":{"reference":"SearchParameter/organization-address-postalcode"},"name":"Plannet_sp_organization_address_postalcode","description":"Select organizations with an address with the specified postal code","exampleBoolean":false,"groupingId":"_other"},{"extension":[{"url":"http://hl7.org/fhir/StructureDefinition/implementationguide-page","valueUri":"SearchParameter-organization-address-state.html"}],"reference":{"reference":"SearchParameter/organization-address-state"},"name":"Plannet_sp_organization_address_state","description":"Select organizations with an address in the specified state","exampleBoolean":false,"groupingId":"_other"},{"extension":[{"url":"http://hl7.org/fhir/StructureDefinition/implementationguide-page","valueUri":"SearchParameter-organization-address.html"}],"reference":{"reference":"SearchParameter/organization-address"},"name":"Plannet_sp_organization_address","description":"Select organizations with the specified address (matches any of the string elements of an address)","exampleBoolean":false,"groupingId":"_other"},{"extension":[{"url":"http://hl7.org/fhir/StructureDefinition/implementationguide-page","valueUri":"SearchParameter-organization-coverage-area.html"}],"reference":{"reference":"SearchParameter/organization-coverage-area"},"name":"Plannet_sp_network_coverage_area","description":"Select health insurance provider networks available in a region described by the specified location","exampleBoolean":false,"groupingId":"_other"},{"extension":[{"url":"http://hl7.org/fhir/StructureDefinition/implementationguide-page","valueUri":"SearchParameter-organization-endpoint.html"}],"reference":{"reference":"SearchParameter/organization-endpoint"},"name":"Plannet_sp_organization_endpoint","description":"Select Organizations with the specified endpoint","exampleBoolean":false,"groupingId":"_other"},{"extension":[{"url":"http://hl7.org/fhir/StructureDefinition/implementationguide-page","valueUri":"SearchParameter-organization-identifier-assigner.html"}],"reference":{"reference":"SearchParameter/organization-identifier-assigner"},"name":"Plannet_sp_organization_identifier_assigner","description":"Select Organizations with an identifier issued by the specified organization","exampleBoolean":false,"groupingId":"_other"},{"extension":[{"url":"http://hl7.org/fhir/StructureDefinition/implementationguide-page","valueUri":"SearchParameter-organization-identifier.html"}],"reference":{"reference":"SearchParameter/organization-identifier"},"name":"Plannet_sp_organization_identifier","description":"Select Organizations with the specified identifier","exampleBoolean":false,"groupingId":"_other"},{"extension":[{"url":"http://hl7.org/fhir/StructureDefinition/implementationguide-page","valueUri":"SearchParameter-organization-name.html"}],"reference":{"reference":"SearchParameter/organization-name"},"name":"Plannet_sp_organization_name","description":"Select Organizations with the specified name","exampleBoolean":false,"groupingId":"_other"},{"extension":[{"url":"http://hl7.org/fhir/StructureDefinition/implementationguide-page","valueUri":"SearchParameter-organization-partof.html"}],"reference":{"reference":"SearchParameter/organization-partof"},"name":"Plannet_sp_organization_partof","description":"Select Organizations that are part of the specified organization","exampleBoolean":false,"groupingId":"_other"},{"extension":[{"url":"http://hl7.org/fhir/StructureDefinition/implementationguide-page","valueUri":"SearchParameter-organization-qualification-code.html"}],"reference":{"reference":"SearchParameter/organization-qualification-code"},"name":"Plannet_sp_organization_qualification_code","description":"Select Organizations with a type of qualification matching the specified code","exampleBoolean":false,"groupingId":"_other"},{"extension":[{"url":"http://hl7.org/fhir/StructureDefinition/implementationguide-page","valueUri":"SearchParameter-organization-qualification-issuer.html"}],"reference":{"reference":"SearchParameter/organization-qualification-issuer"},"name":"Plannet_sp_organization_qualification_issuer","description":"Select Organizations with a qualification issued by the specified organization","exampleBoolean":false,"groupingId":"_other"},{"extension":[{"url":"http://hl7.org/fhir/StructureDefinition/implementationguide-page","valueUri":"SearchParameter-organization-qualification-wherevalid-code.html"}],"reference":{"reference":"SearchParameter/organization-qualification-wherevalid-code"},"name":"Plannet_sp_organization_qualification_wherevalid_code","description":"Select Organizations with a qualification that is valid at the location indicated by the specified code","exampleBoolean":false,"groupingId":"_other"},{"extension":[{"url":"http://hl7.org/fhir/StructureDefinition/implementationguide-page","valueUri":"SearchParameter-organization-qualification-wherevalid-location.html"}],"reference":{"reference":"SearchParameter/organization-qualification-wherevalid-location"},"name":"Plannet_sp_organization_qualification_wherevalid_location","description":"Select Organizations with a qualification that is valid at the specified location","exampleBoolean":false,"groupingId":"_other"},{"extension":[{"url":"http://hl7.org/fhir/StructureDefinition/implementationguide-page","valueUri":"SearchParameter-organization-type.html"}],"reference":{"reference":"SearchParameter/organization-type"},"name":"Plannet_sp_organization_type","description":"Select Organizations of the specified type","exampleBoolean":false,"groupingId":"_other"},{"extension":[{"url":"http://hl7.org/fhir/StructureDefinition/implementationguide-page","valueUri":"SearchParameter-organizationaffiliation-identifier-assigner.html"}],"reference":{"reference":"SearchParameter/organizationaffiliation-identifier-assigner"},"name":"Plannet_sp_organizationaffiliation_identifier_assigner","description":"Select OrganizationAffiliations with an identifier issued by the specified organization","exampleBoolean":false,"groupingId":"_other"},{"extension":[{"url":"http://hl7.org/fhir/StructureDefinition/implementationguide-page","valueUri":"SearchParameter-organizationaffiliation-identifier.html"}],"reference":{"reference":"SearchParameter/organizationaffiliation-identifier"},"name":"Plannet_sp_organizationaffiliation_identifier","description":"Select OrganizationAffiliations with the specified identifier","exampleBoolean":false,"groupingId":"_other"},{"extension":[{"url":"http://hl7.org/fhir/StructureDefinition/implementationguide-page","valueUri":"SearchParameter-organizationaffiliation-location.html"}],"reference":{"reference":"SearchParameter/organizationaffiliation-location"},"name":"Plannet_sp_organizationaffiliation_location","description":"Select OrganizationAffiliations available at the specified location","exampleBoolean":false,"groupingId":"_other"},{"extension":[{"url":"http://hl7.org/fhir/StructureDefinition/implementationguide-page","valueUri":"SearchParameter-organizationaffiliation-network.html"}],"reference":{"reference":"SearchParameter/organizationaffiliation-network"},"name":"Plannet_sp_organizationaffiliation_network","description":"Select roles where the organization is a member of the specified health insurance provider network","exampleBoolean":false,"groupingId":"_other"},{"extension":[{"url":"http://hl7.org/fhir/StructureDefinition/implementationguide-page","valueUri":"SearchParameter-organizationaffiliation-participating-organization.html"}],"reference":{"reference":"SearchParameter/organizationaffiliation-participating-organization"},"name":"Plannet_sp_organizationaffiliation_participating_organization","description":"Select roles filled by the specified organization","exampleBoolean":false,"groupingId":"_other"},{"extension":[{"url":"http://hl7.org/fhir/StructureDefinition/implementationguide-page","valueUri":"SearchParameter-organizationaffiliation-primary-organization.html"}],"reference":{"reference":"SearchParameter/organizationaffiliation-primary-organization"},"name":"Plannet_sp_organizationaffiliation_primary_organization","description":"Select roles offered by the specified organization","exampleBoolean":false,"groupingId":"_other"},{"extension":[{"url":"http://hl7.org/fhir/StructureDefinition/implementationguide-page","valueUri":"SearchParameter-organizationaffiliation-role.html"}],"reference":{"reference":"SearchParameter/organizationaffiliation-role"},"name":"Plannet_sp_organizationaffiliation_role","description":"Select OrganizationAffiliations with the specified role","exampleBoolean":false,"groupingId":"_other"},{"extension":[{"url":"http://hl7.org/fhir/StructureDefinition/implementationguide-page","valueUri":"SearchParameter-organizationaffiliation-service.html"}],"reference":{"reference":"SearchParameter/organizationaffiliation-service"},"name":"Plannet_sp_organizationaffiliation_service","description":"Select OrganizationAffiliations providing the specified service","exampleBoolean":false,"groupingId":"_other"},{"extension":[{"url":"http://hl7.org/fhir/StructureDefinition/implementationguide-page","valueUri":"SearchParameter-organizationaffiliation-specialty.html"}],"reference":{"reference":"SearchParameter/organizationaffiliation-specialty"},"name":"Plannet_sp_organizationaffiliation_specialty","description":"Select OrganizationAffiliations associated with the specified specialty","exampleBoolean":false,"groupingId":"_other"},{"extension":[{"url":"http://hl7.org/fhir/StructureDefinition/implementationguide-page","valueUri":"SearchParameter-practitioner-family-name.html"}],"reference":{"reference":"SearchParameter/practitioner-family-name"},"name":"Plannet_sp_practitioner_family_name","description":"Select Practitioners with the specified family name","exampleBoolean":false,"groupingId":"_other"},{"extension":[{"url":"http://hl7.org/fhir/StructureDefinition/implementationguide-page","valueUri":"SearchParameter-practitioner-given-name.html"}],"reference":{"reference":"SearchParameter/practitioner-given-name"},"name":"Plannet_sp_practitioner_given_name","description":"Select Practitioners with the specified given name","exampleBoolean":false,"groupingId":"_other"},{"extension":[{"url":"http://hl7.org/fhir/StructureDefinition/implementationguide-page","valueUri":"SearchParameter-practitioner-identifier-assigner.html"}],"reference":{"reference":"SearchParameter/practitioner-identifier-assigner"},"name":"Plannet_sp_practitioner_identifier_assigner","description":"Select Practitioners with an identifier issued by the specified organization","exampleBoolean":false,"groupingId":"_other"},{"extension":[{"url":"http://hl7.org/fhir/StructureDefinition/implementationguide-page","valueUri":"SearchParameter-practitioner-identifier.html"}],"reference":{"reference":"SearchParameter/practitioner-identifier"},"name":"Plannet_sp_practitioner_identifier","description":"Select Practitioners with the specified identifier","exampleBoolean":false,"groupingId":"_other"},{"extension":[{"url":"http://hl7.org/fhir/StructureDefinition/implementationguide-page","valueUri":"SearchParameter-practitioner-name.html"}],"reference":{"reference":"SearchParameter/practitioner-name"},"name":"Plannet_sp_practitioner_name","description":"Select Practitioners with the specified name (matches against any of the elements in the HumanName data type)","exampleBoolean":false,"groupingId":"_other"},{"extension":[{"url":"http://hl7.org/fhir/StructureDefinition/implementationguide-page","valueUri":"SearchParameter-practitioner-phonetic.html"}],"reference":{"reference":"SearchParameter/practitioner-phonetic"},"name":"Plannet_sp_practitioner_phonetic","description":"Select Practitioners with the specified name (A portion of name using some kind of phonetic matching algorithm)","exampleBoolean":false,"groupingId":"_other"},{"extension":[{"url":"http://hl7.org/fhir/StructureDefinition/implementationguide-page","valueUri":"SearchParameter-practitioner-qualification-code.html"}],"reference":{"reference":"SearchParameter/practitioner-qualification-code"},"name":"Plannet_sp_practitioner_qualification_code","description":"Select Practitioners with a type of qualification matching the specified code","exampleBoolean":false,"groupingId":"_other"},{"extension":[{"url":"http://hl7.org/fhir/StructureDefinition/implementationguide-page","valueUri":"SearchParameter-practitioner-qualification-issuer.html"}],"reference":{"reference":"SearchParameter/practitioner-qualification-issuer"},"name":"Plannet_sp_practitioner_qualification_issuer","description":"Select Practitioners with a qualification issued by the specified organization","exampleBoolean":false,"groupingId":"_other"},{"extension":[{"url":"http://hl7.org/fhir/StructureDefinition/implementationguide-page","valueUri":"SearchParameter-practitioner-qualification-wherevalid-code.html"}],"reference":{"reference":"SearchParameter/practitioner-qualification-wherevalid-code"},"name":"Plannet_sp_practitioner_qualification_wherevalid_code","description":"Select Practitioners with a qualification that is valid at the location indicated by the specified code","exampleBoolean":false,"groupingId":"_other"},{"extension":[{"url":"http://hl7.org/fhir/StructureDefinition/implementationguide-page","valueUri":"SearchParameter-practitioner-qualification-wherevalid-location.html"}],"reference":{"reference":"SearchParameter/practitioner-qualification-wherevalid-location"},"name":"Plannet_sp_practitioner_qualification_wherevalid_location","description":"Select Practitioners with a qualification that is valid at the specified location","exampleBoolean":false,"groupingId":"_other"},{"extension":[{"url":"http://hl7.org/fhir/StructureDefinition/implementationguide-page","valueUri":"SearchParameter-practitionerrole-endpoint.html"}],"reference":{"reference":"SearchParameter/practitionerrole-endpoint"},"name":"Plannet_sp_practitionerrole_endpoint","description":"Select PractitionerRoles with the specified endpoint","exampleBoolean":false,"groupingId":"_other"},{"extension":[{"url":"http://hl7.org/fhir/StructureDefinition/implementationguide-page","valueUri":"SearchParameter-practitionerrole-identifier-assigner.html"}],"reference":{"reference":"SearchParameter/practitionerrole-identifier-assigner"},"name":"Plannet_sp_practitionerrole_identifier_assigner","description":"Select PractitionerRoles with an identifier issued by the specified organization","exampleBoolean":false,"groupingId":"_other"},{"extension":[{"url":"http://hl7.org/fhir/StructureDefinition/implementationguide-page","valueUri":"SearchParameter-practitionerrole-identifier.html"}],"reference":{"reference":"SearchParameter/practitionerrole-identifier"},"name":"Plannet_sp_practitionerrole_identifier","description":"Select PractitionerRoles with the specified identifier","exampleBoolean":false,"groupingId":"_other"},{"extension":[{"url":"http://hl7.org/fhir/StructureDefinition/implementationguide-page","valueUri":"SearchParameter-practitionerrole-location.html"}],"reference":{"reference":"SearchParameter/practitionerrole-location"},"name":"Plannet_sp_practitionerrole_location","description":"Select PractitionerRoles available at the specified location","exampleBoolean":false,"groupingId":"_other"},{"extension":[{"url":"http://hl7.org/fhir/StructureDefinition/implementationguide-page","valueUri":"SearchParameter-practitionerrole-network.html"}],"reference":{"reference":"SearchParameter/practitionerrole-network"},"name":"Plannet_sp_practitionerrole_network","description":"Select roles where the practitioner is a member of the specified health insurance provider network","exampleBoolean":false,"groupingId":"_other"},{"extension":[{"url":"http://hl7.org/fhir/StructureDefinition/implementationguide-page","valueUri":"SearchParameter-practitionerrole-new-patient-network.html"}],"reference":{"reference":"SearchParameter/practitionerrole-new-patient-network"},"name":"Plannet_sp_practitionerrole_new_patient_network","description":"Select PractitionerRoles that are part of the specified network and are/are not accepting new patients","exampleBoolean":false,"groupingId":"_other"},{"extension":[{"url":"http://hl7.org/fhir/StructureDefinition/implementationguide-page","valueUri":"SearchParameter-practitionerrole-new-patient.html"}],"reference":{"reference":"SearchParameter/practitionerrole-new-patient"},"name":"Plannet_sp_practitionerrole_new_patient","description":"Select PractitionerRoles that are/are not accepting new patients","exampleBoolean":false,"groupingId":"_other"},{"extension":[{"url":"http://hl7.org/fhir/StructureDefinition/implementationguide-page","valueUri":"SearchParameter-practitionerrole-organization.html"}],"reference":{"reference":"SearchParameter/practitionerrole-organization"},"name":"Plannet_sp_practitionerrole_organization","description":"Select PractitionerRoles available at the specified organization","exampleBoolean":false,"groupingId":"_other"},{"extension":[{"url":"http://hl7.org/fhir/StructureDefinition/implementationguide-page","valueUri":"SearchParameter-practitionerrole-practitioner.html"}],"reference":{"reference":"SearchParameter/practitionerrole-practitioner"},"name":"Plannet_sp_practitionerrole_practitioner","description":"Select roles filled by the specified practitioner","exampleBoolean":false,"groupingId":"_other"},{"extension":[{"url":"http://hl7.org/fhir/StructureDefinition/implementationguide-page","valueUri":"SearchParameter-practitionerrole-qualification-code.html"}],"reference":{"reference":"SearchParameter/practitionerrole-qualification-code"},"name":"Plannet_sp_practitionerrole_qualification_code","description":"Select PractitionerRoles with a type of qualification matching the specified code","exampleBoolean":false,"groupingId":"_other"},{"extension":[{"url":"http://hl7.org/fhir/StructureDefinition/implementationguide-page","valueUri":"SearchParameter-practitionerrole-qualification-issuer.html"}],"reference":{"reference":"SearchParameter/practitionerrole-qualification-issuer"},"name":"Plannet_sp_practitionerrole_qualification_issuer","description":"Select PractitionerRoles with a qualification issued by the specified organization","exampleBoolean":false,"groupingId":"_other"},{"extension":[{"url":"http://hl7.org/fhir/StructureDefinition/implementationguide-page","valueUri":"SearchParameter-practitionerrole-qualification-wherevalid-code.html"}],"reference":{"reference":"SearchParameter/practitionerrole-qualification-wherevalid-code"},"name":"Plannet_sp_practitionerrole_qualification_wherevalid_code","description":"Select PractitionerRoles with a qualification that is valid at the location indicated by the specified code","exampleBoolean":false,"groupingId":"_other"},{"extension":[{"url":"http://hl7.org/fhir/StructureDefinition/implementationguide-page","valueUri":"SearchParameter-practitionerrole-qualification-wherevalid-location.html"}],"reference":{"reference":"SearchParameter/practitionerrole-qualification-wherevalid-location"},"name":"Plannet_sp_practitionerrole_qualification_wherevalid_location","description":"Select PractitionerRoles with a qualification that is valid at the specified location","exampleBoolean":false,"groupingId":"_other"},{"extension":[{"url":"http://hl7.org/fhir/StructureDefinition/implementationguide-page","valueUri":"SearchParameter-practitionerrole-role.html"}],"reference":{"reference":"SearchParameter/practitionerrole-role"},"name":"Plannet_sp_practitionerrole_role","description":"Select PractitionerRoles with the specified role","exampleBoolean":false,"groupingId":"_other"},{"extension":[{"url":"http://hl7.org/fhir/StructureDefinition/implementationguide-page","valueUri":"SearchParameter-practitionerrole-service.html"}],"reference":{"reference":"SearchParameter/practitionerrole-service"},"name":"Plannet_sp_practitionerrole_service","description":"Select PractitionerRoles providing the specified service","exampleBoolean":false,"groupingId":"_other"},{"extension":[{"url":"http://hl7.org/fhir/StructureDefinition/implementationguide-page","valueUri":"SearchParameter-practitionerrole-specialty.html"}],"reference":{"reference":"SearchParameter/practitionerrole-specialty"},"name":"Plannet_sp_practitionerrole_specialty","description":"Select PractitionerRoles associated with the specified specialty","exampleBoolean":false,"groupingId":"_other"},{"extension":[{"url":"http://hl7.org/fhir/StructureDefinition/implementationguide-page","valueUri":"Endpoint-direct321.html"}],"reference":{"reference":"Endpoint/direct321"},"name":"direct321","exampleCanonical":"http://hl7.org/fhir/us/davinci-pdex-plan-net/StructureDefinition/plannet-Endpoint","groupingId":"_ex_example"},{"extension":[{"url":"http://hl7.org/fhir/StructureDefinition/implementationguide-page","valueUri":"HealthcareService-ffcardiology.html"}],"reference":{"reference":"HealthcareService/ffcardiology"},"name":"ffcardiology","exampleCanonical":"http://hl7.org/fhir/us/davinci-pdex-plan-net/StructureDefinition/plannet-HealthcareService","groupingId":"_ex_example"},{"extension":[{"url":"http://hl7.org/fhir/StructureDefinition/implementationguide-page","valueUri":"HealthcareService-hcs-ws.html"}],"reference":{"reference":"HealthcareService/hcs-ws"},"name":"hcs-ws","exampleCanonical":"http://hl7.org/fhir/us/davinci-pdex-plan-net/StructureDefinition/plannet-HealthcareService","groupingId":"_ex_example"},{"extension":[{"url":"http://hl7.org/fhir/StructureDefinition/implementationguide-page","valueUri":"HealthcareService-independencerehab1.html"}],"reference":{"reference":"HealthcareService/independencerehab1"},"name":"independencerehab1","exampleCanonical":"http://hl7.org/fhir/us/davinci-pdex-plan-net/StructureDefinition/plannet-HealthcareService","groupingId":"_ex_example"},{"extension":[{"url":"http://hl7.org/fhir/StructureDefinition/implementationguide-page","valueUri":"HealthcareService-independencerehab2.html"}],"reference":{"reference":"HealthcareService/independencerehab2"},"name":"independencerehab2","exampleCanonical":"http://hl7.org/fhir/us/davinci-pdex-plan-net/StructureDefinition/plannet-HealthcareService","groupingId":"_ex_example"},{"extension":[{"url":"http://hl7.org/fhir/StructureDefinition/implementationguide-page","valueUri":"InsurancePlan-insuranceplan1.html"}],"reference":{"reference":"InsurancePlan/insuranceplan1"},"name":"insuranceplan1","exampleCanonical":"http://hl7.org/fhir/us/davinci-pdex-plan-net/StructureDefinition/plannet-InsurancePlan","groupingId":"_ex_example"},{"extension":[{"url":"http://hl7.org/fhir/StructureDefinition/implementationguide-page","valueUri":"Location-loc-ffmh-hvi.html"}],"reference":{"reference":"Location/loc-ffmh-hvi"},"name":"loc-ffmh-hvi","description":"Heart and Vascular Institute Specialty Wing","exampleCanonical":"http://hl7.org/fhir/us/davinci-pdex-plan-net/StructureDefinition/plannet-Location","groupingId":"_ex_example"},{"extension":[{"url":"http://hl7.org/fhir/StructureDefinition/implementationguide-page","valueUri":"Location-loc-ffmh.html"}],"reference":{"reference":"Location/loc-ffmh"},"name":"loc-ffmh","description":"Main campus of Founding Fathers Memorial Hospital","exampleCanonical":"http://hl7.org/fhir/us/davinci-pdex-plan-net/StructureDefinition/plannet-Location","groupingId":"_ex_example"},{"extension":[{"url":"http://hl7.org/fhir/StructureDefinition/implementationguide-page","valueUri":"Location-loc-ws.html"}],"reference":{"reference":"Location/loc-ws"},"name":"loc-ws","exampleCanonical":"http://hl7.org/fhir/us/davinci-pdex-plan-net/StructureDefinition/plannet-Location","groupingId":"_ex_example"},{"extension":[{"url":"http://hl7.org/fhir/StructureDefinition/implementationguide-page","valueUri":"Location-wash-dc-metro.html"}],"reference":{"reference":"Location/wash-dc-metro"},"name":"wash-dc-metro","exampleCanonical":"http://hl7.org/fhir/us/davinci-pdex-plan-net/StructureDefinition/plannet-Location","groupingId":"_ex_example"},{"extension":[{"url":"http://hl7.org/fhir/StructureDefinition/implementationguide-page","valueUri":"Organization-patriotppo.html"}],"reference":{"reference":"Organization/patriotppo"},"name":"patriotppo","exampleCanonical":"http://hl7.org/fhir/us/davinci-pdex-plan-net/StructureDefinition/plannet-Network","groupingId":"_ex_example"},{"extension":[{"url":"http://hl7.org/fhir/StructureDefinition/implementationguide-page","valueUri":"Organization-foundingfathers.html"}],"reference":{"reference":"Organization/foundingfathers"},"name":"foundingfathers","exampleCanonical":"http://hl7.org/fhir/us/davinci-pdex-plan-net/StructureDefinition/plannet-Organization","groupingId":"_ex_example"},{"extension":[{"url":"http://hl7.org/fhir/StructureDefinition/implementationguide-page","valueUri":"Organization-homeland.html"}],"reference":{"reference":"Organization/homeland"},"name":"homeland","exampleCanonical":"http://hl7.org/fhir/us/davinci-pdex-plan-net/StructureDefinition/plannet-Organization","groupingId":"_ex_example"},{"extension":[{"url":"http://hl7.org/fhir/StructureDefinition/implementationguide-page","valueUri":"Organization-independencerehab.html"}],"reference":{"reference":"Organization/independencerehab"},"name":"independencerehab","exampleCanonical":"http://hl7.org/fhir/us/davinci-pdex-plan-net/StructureDefinition/plannet-Organization","groupingId":"_ex_example"},{"extension":[{"url":"http://hl7.org/fhir/StructureDefinition/implementationguide-page","valueUri":"Organization-monumentHIE.html"}],"reference":{"reference":"Organization/monumentHIE"},"name":"monumentHIE","exampleCanonical":"http://hl7.org/fhir/us/davinci-pdex-plan-net/StructureDefinition/plannet-Organization","groupingId":"_ex_example"},{"extension":[{"url":"http://hl7.org/fhir/StructureDefinition/implementationguide-page","valueUri":"Organization-mtvernon.html"}],"reference":{"reference":"Organization/mtvernon"},"name":"mtvernon","exampleCanonical":"http://hl7.org/fhir/us/davinci-pdex-plan-net/StructureDefinition/plannet-Organization","groupingId":"_ex_example"},{"extension":[{"url":"http://hl7.org/fhir/StructureDefinition/implementationguide-page","valueUri":"Organization-patriotdental.html"}],"reference":{"reference":"Organization/patriotdental"},"name":"patriotdental","exampleCanonical":"http://hl7.org/fhir/us/davinci-pdex-plan-net/StructureDefinition/plannet-Organization","groupingId":"_ex_example"},{"extension":[{"url":"http://hl7.org/fhir/StructureDefinition/implementationguide-page","valueUri":"OrganizationAffiliation-orgrole1.html"}],"reference":{"reference":"OrganizationAffiliation/orgrole1"},"name":"orgrole1","exampleCanonical":"http://hl7.org/fhir/us/davinci-pdex-plan-net/StructureDefinition/plannet-OrganizationAffiliation","groupingId":"_ex_example"},{"extension":[{"url":"http://hl7.org/fhir/StructureDefinition/implementationguide-page","valueUri":"OrganizationAffiliation-orgrole2.html"}],"reference":{"reference":"OrganizationAffiliation/orgrole2"},"name":"orgrole2","exampleCanonical":"http://hl7.org/fhir/us/davinci-pdex-plan-net/StructureDefinition/plannet-OrganizationAffiliation","groupingId":"_ex_example"},{"extension":[{"url":"http://hl7.org/fhir/StructureDefinition/implementationguide-page","valueUri":"Practitioner-practitioner1.html"}],"reference":{"reference":"Practitioner/practitioner1"},"name":"practitioner1","exampleCanonical":"http://hl7.org/fhir/us/davinci-pdex-plan-net/StructureDefinition/plannet-Practitioner","groupingId":"_ex_example"},{"extension":[{"url":"http://hl7.org/fhir/StructureDefinition/implementationguide-page","valueUri":"PractitionerRole-practitionerrole1.html"}],"reference":{"reference":"PractitionerRole/practitionerrole1"},"name":"practitionerrole1","exampleCanonical":"http://hl7.org/fhir/us/davinci-pdex-plan-net/StructureDefinition/plannet-PractitionerRole","groupingId":"_ex_example"},{"extension":[{"url":"http://hl7.org/fhir/StructureDefinition/implementationguide-page","valueUri":"Location-location1WSAddress.html"}],"reference":{"reference":"Location/location1WSAddress"},"name":"location1WSAddress","exampleCanonical":"http://hl7.org/fhir/us/davinci-pdex-plan-net/StructureDefinition/plannet-Location","groupingId":"_ex_example"},{"extension":[{"url":"http://hl7.org/fhir/StructureDefinition/implementationguide-page","valueUri":"HealthcareService-nutrition-healthcareservice-1238863986.html"}],"reference":{"reference":"HealthcareService/nutrition-healthcareservice-1238863986"},"name":"nutrition-healthcareservice-1238863986","exampleCanonical":"http://hl7.org/fhir/us/davinci-pdex-plan-net/StructureDefinition/plannet-HealthcareService","groupingId":"_ex_example"},{"extension":[{"url":"http://hl7.org/fhir/StructureDefinition/implementationguide-page","valueUri":"InsurancePlan-plannet-insuranceplan-HPID400000.html"}],"reference":{"reference":"InsurancePlan/plannet-insuranceplan-HPID400000"},"name":"plannet-insuranceplan-HPID400000","exampleCanonical":"http://hl7.org/fhir/us/davinci-pdex-plan-net/StructureDefinition/plannet-InsurancePlan","groupingId":"_ex_example"},{"extension":[{"url":"http://hl7.org/fhir/StructureDefinition/implementationguide-page","valueUri":"Location-plannet-location-1230085657.html"}],"reference":{"reference":"Location/plannet-location-1230085657"},"name":"plannet-location-1230085657","description":"Main campus of BAYSIDE ENDOSCOPY, LLC","exampleCanonical":"http://hl7.org/fhir/us/davinci-pdex-plan-net/StructureDefinition/plannet-Location","groupingId":"_ex_example"},{"extension":[{"url":"http://hl7.org/fhir/StructureDefinition/implementationguide-page","valueUri":"Location-plannet-location-1230188327.html"}],"reference":{"reference":"Location/plannet-location-1230188327"},"name":"plannet-location-1230188327","description":"Main campus of SOUNDVIEW ORTHOPAEDIC ASSOC. LLP","exampleCanonical":"http://hl7.org/fhir/us/davinci-pdex-plan-net/StructureDefinition/plannet-Location","groupingId":"_ex_example"},{"extension":[{"url":"http://hl7.org/fhir/StructureDefinition/implementationguide-page","valueUri":"Location-plannet-location-PCY-0002302.html"}],"reference":{"reference":"Location/plannet-location-PCY-0002302"},"name":"plannet-location-PCY-0002302","description":"Main campus of BRASSCITY PHARMACY INC","exampleCanonical":"http://hl7.org/fhir/us/davinci-pdex-plan-net/StructureDefinition/plannet-Location","groupingId":"_ex_example"},{"extension":[{"url":"http://hl7.org/fhir/StructureDefinition/implementationguide-page","valueUri":"Organization-plannet-network-HPID040000.html"}],"reference":{"reference":"Organization/plannet-network-HPID040000"},"name":"plannet-network-HPID040000","exampleCanonical":"http://hl7.org/fhir/us/davinci-pdex-plan-net/StructureDefinition/plannet-Network","groupingId":"_ex_example"},{"extension":[{"url":"http://hl7.org/fhir/StructureDefinition/implementationguide-page","valueUri":"Endpoint-plannet-organization-1230085657-direct.html"}],"reference":{"reference":"Endpoint/plannet-organization-1230085657-direct"},"name":"plannet-organization-1230085657-direct","exampleCanonical":"http://hl7.org/fhir/us/davinci-pdex-plan-net/StructureDefinition/plannet-Endpoint","groupingId":"_ex_example"},{"extension":[{"url":"http://hl7.org/fhir/StructureDefinition/implementationguide-page","valueUri":"Organization-plannet-organization-1230085657.html"}],"reference":{"reference":"Organization/plannet-organization-1230085657"},"name":"plannet-organization-1230085657","exampleCanonical":"http://hl7.org/fhir/us/davinci-pdex-plan-net/StructureDefinition/plannet-Organization","groupingId":"_ex_example"},{"extension":[{"url":"http://hl7.org/fhir/StructureDefinition/implementationguide-page","valueUri":"Organization-plannet-organization-1239774646.html"}],"reference":{"reference":"Organization/plannet-organization-1239774646"},"name":"plannet-organization-1239774646","exampleCanonical":"http://hl7.org/fhir/us/davinci-pdex-plan-net/StructureDefinition/plannet-Organization","groupingId":"_ex_example"},{"extension":[{"url":"http://hl7.org/fhir/StructureDefinition/implementationguide-page","valueUri":"Organization-plannet-organization-3b4358447f58795888ada0a39.html"}],"reference":{"reference":"Organization/plannet-organization-3b4358447f58795888ada0a39"},"name":"plannet-organization-3b4358447f58795888ada0a39","exampleCanonical":"http://hl7.org/fhir/us/davinci-pdex-plan-net/StructureDefinition/plannet-Organization","groupingId":"_ex_example"},{"extension":[{"url":"http://hl7.org/fhir/StructureDefinition/implementationguide-page","valueUri":"Practitioner-plannet-practitioner-1232506780.html"}],"reference":{"reference":"Practitioner/plannet-practitioner-1232506780"},"name":"plannet-practitioner-1232506780","exampleCanonical":"http://hl7.org/fhir/us/davinci-pdex-plan-net/StructureDefinition/plannet-Practitioner","groupingId":"_ex_example"},{"extension":[{"url":"http://hl7.org/fhir/StructureDefinition/implementationguide-page","valueUri":"PractitionerRole-plannet-practitionerrole-1232506780.html"}],"reference":{"reference":"PractitionerRole/plannet-practitionerrole-1232506780"},"name":"plannet-practitionerrole-1232506780","exampleCanonical":"http://hl7.org/fhir/us/davinci-pdex-plan-net/StructureDefinition/plannet-PractitionerRole","groupingId":"_ex_example"},{"extension":[{"url":"http://hl7.org/fhir/StructureDefinition/implementationguide-page","valueUri":"PractitionerRole-plannet-practitionerrole-1236743399.html"}],"reference":{"reference":"PractitionerRole/plannet-practitionerrole-1236743399"},"name":"plannet-practitionerrole-1236743399","exampleCanonical":"http://hl7.org/fhir/us/davinci-pdex-plan-net/StructureDefinition/plannet-PractitionerRole","groupingId":"_ex_example"}],"page":{"nameUrl":"toc.html","title":"Table of Contents","generation":"html","page":[{"nameUrl":"index.html","title":"Home","generation":"markdown"},{"nameUrl":"implementation.html","title":"Implementation","generation":"markdown"},{"nameUrl":"examples.html","title":"Examples","generation":"markdown"},{"nameUrl":"change_log.html","title":"Change Log","generation":"markdown"},{"nameUrl":"downloads.html","title":"Downloads","generation":"markdown"},{"nameUrl":"versions.html","title":"Versions","generation":"markdown"},{"nameUrl":"searchParameters.html","title":"Search Parameters","generation":"markdown"},{"nameUrl":"profiles.html","title":"Profiles","generation":"markdown"},{"nameUrl":"extensions.html","title":"Extensions","generation":"markdown"},{"nameUrl":"artifacts.html","title":"Artifacts Summary","generation":"html","page":[{"nameUrl":"CapabilityStatement-plannet-server.html","title":"PDEX Payer Network Server Capability Statement","generation":"generated"},{"nameUrl":"StructureDefinition-plannet-Endpoint.html","title":"Plan-net Endpoint","generation":"generated"},{"nameUrl":"StructureDefinition-plannet-HealthcareService.html","title":"Plan-net HealthcareService","generation":"generated"},{"nameUrl":"StructureDefinition-plannet-InsurancePlan.html","title":"Plan-net InsurancePlan","generation":"generated"},{"nameUrl":"StructureDefinition-plannet-Location.html","title":"Plan-net Location","generation":"generated"},{"nameUrl":"StructureDefinition-plannet-Network.html","title":"Plan-net Network","generation":"generated"},{"nameUrl":"StructureDefinition-plannet-Organization.html","title":"Plan-net Organization","generation":"generated"},{"nameUrl":"StructureDefinition-plannet-OrganizationAffiliation.html","title":"Plan-net OrganizationAffiliation","generation":"generated"},{"nameUrl":"StructureDefinition-plannet-Practitioner.html","title":"Plan-net Practitioner","generation":"generated"},{"nameUrl":"StructureDefinition-plannet-PractitionerRole.html","title":"Plan-net PractitionerRole","generation":"generated"},{"nameUrl":"StructureDefinition-endpoint-usecase.html","title":"Endpoint Usecase","generation":"generated"},{"nameUrl":"StructureDefinition-location-reference.html","title":"Location Reference","generation":"generated"},{"nameUrl":"StructureDefinition-network-reference.html","title":"Network Reference","generation":"generated"},{"nameUrl":"StructureDefinition-newpatients.html","title":"New Patients","generation":"generated"},{"nameUrl":"StructureDefinition-practitioner-qualification.html","title":"Practitioner Qualification","generation":"generated"},{"nameUrl":"StructureDefinition-via-intermediary.html","title":"Via Intermediary","generation":"generated"},{"nameUrl":"Endpoint-direct321.html","title":"direct321","generation":"generated"},{"nameUrl":"HealthcareService-ffcardiology.html","title":"ffcardiology","generation":"generated"},{"nameUrl":"HealthcareService-hcs-ws.html","title":"hcs-ws","generation":"generated"},{"nameUrl":"HealthcareService-independencerehab1.html","title":"independencerehab1","generation":"generated"},{"nameUrl":"HealthcareService-independencerehab2.html","title":"independencerehab2","generation":"generated"},{"nameUrl":"InsurancePlan-insuranceplan1.html","title":"insuranceplan1","generation":"generated"},{"nameUrl":"Location-loc-ffmh-hvi.html","title":"loc-ffmh-hvi","generation":"generated"},{"nameUrl":"Location-loc-ffmh.html","title":"loc-ffmh","generation":"generated"},{"nameUrl":"Location-loc-ws.html","title":"loc-ws","generation":"generated"},{"nameUrl":"Location-wash-dc-metro.html","title":"wash-dc-metro","generation":"generated"},{"nameUrl":"Organization-patriotppo.html","title":"patriotppo","generation":"generated"},{"nameUrl":"Organization-foundingfathers.html","title":"foundingfathers","generation":"generated"},{"nameUrl":"Organization-homeland.html","title":"homeland","generation":"generated"},{"nameUrl":"Organization-independencerehab.html","title":"independencerehab","generation":"generated"},{"nameUrl":"Organization-monumentHIE.html","title":"monumentHIE","generation":"generated"},{"nameUrl":"Organization-mtvernon.html","title":"mtvernon","generation":"generated"},{"nameUrl":"Organization-patriotdental.html","title":"patriotdental","generation":"generated"},{"nameUrl":"OrganizationAffiliation-orgrole1.html","title":"orgrole1","generation":"generated"},{"nameUrl":"OrganizationAffiliation-orgrole2.html","title":"orgrole2","generation":"generated"},{"nameUrl":"Practitioner-practitioner1.html","title":"practitioner1","generation":"generated"},{"nameUrl":"PractitionerRole-practitionerrole1.html","title":"practitionerrole1","generation":"generated"},{"nameUrl":"Location-location1WSAddress.html","title":"location1WSAddress","generation":"generated"},{"nameUrl":"HealthcareService-nutrition-healthcareservice-1238863986.html","title":"nutrition-healthcareservice-1238863986","generation":"generated"},{"nameUrl":"InsurancePlan-plannet-insuranceplan-HPID400000.html","title":"plannet-insuranceplan-HPID400000","generation":"generated"},{"nameUrl":"Location-plannet-location-1230085657.html","title":"plannet-location-1230085657","generation":"generated"},{"nameUrl":"Location-plannet-location-1230188327.html","title":"plannet-location-1230188327","generation":"generated"},{"nameUrl":"Location-plannet-location-PCY-0002302.html","title":"plannet-location-PCY-0002302","generation":"generated"},{"nameUrl":"Organization-plannet-network-HPID040000.html","title":"plannet-network-HPID040000","generation":"generated"},{"nameUrl":"Endpoint-plannet-organization-1230085657-direct.html","title":"plannet-organization-1230085657-direct","generation":"generated"},{"nameUrl":"Organization-plannet-organization-1230085657.html","title":"plannet-organization-1230085657","generation":"generated"},{"nameUrl":"Organization-plannet-organization-1239774646.html","title":"plannet-organization-1239774646","generation":"generated"},{"nameUrl":"Organization-plannet-organization-3b4358447f58795888ada0a39.html","title":"plannet-organization-3b4358447f58795888ada0a39","generation":"generated"},{"nameUrl":"Practitioner-plannet-practitioner-1232506780.html","title":"plannet-practitioner-1232506780","generation":"generated"},{"nameUrl":"PractitionerRole-plannet-practitionerrole-1232506780.html","title":"plannet-practitionerrole-1232506780","generation":"generated"},{"nameUrl":"PractitionerRole-plannet-practitionerrole-1236743399.html","title":"plannet-practitionerrole-1236743399","generation":"generated"},{"nameUrl":"SearchParameter-plannet-available-days.html","title":"Plannet_sp_available_days","generation":"generated"},{"nameUrl":"SearchParameter-plannet-available-end-time.html","title":"Plannet_sp_available_end_time","generation":"generated"},{"nameUrl":"SearchParameter-plannet-available-start-time.html","title":"Plannet_sp_available_days","generation":"generated"},{"nameUrl":"SearchParameter-endpoint-connection-type.html","title":"Plannet_sp_endpoint_connection_type","generation":"generated"},{"nameUrl":"SearchParameter-endpoint-identifier-assigner.html","title":"Plannet_sp_endpoint_identifier_assigner","generation":"generated"},{"nameUrl":"SearchParameter-endpoint-identifier.html","title":"Plannet_sp_endpoint_identifier","generation":"generated"},{"nameUrl":"SearchParameter-endpoint-mime-type.html","title":"Plannet_sp_endpoint_mime_type","generation":"generated"},{"nameUrl":"SearchParameter-endpoint-organization.html","title":"Plannet_sp_endpoint_organization","generation":"generated"},{"nameUrl":"SearchParameter-endpoint-payload-type.html","title":"Plannet_sp_endpoint_payload_type","generation":"generated"},{"nameUrl":"SearchParameter-endpoint-usecase-standard.html","title":"Plannet_sp_endpoint_usecase_standard","generation":"generated"},{"nameUrl":"SearchParameter-endpoint-usecase-type.html","title":"Plannet_sp_endpoint_usecase_type","generation":"generated"},{"nameUrl":"SearchParameter-healthcareservice-characteristic.html","title":"Plannet_sp_healthcareservice_characteristic","generation":"generated"},{"nameUrl":"SearchParameter-healthcareservice-coverage-area.html","title":"Plannet_sp_healthcareservice_coverage_area","generation":"generated"},{"nameUrl":"SearchParameter-healthcareservice-endpoint.html","title":"Plannet_sp_healthcareservice_endpoint","generation":"generated"},{"nameUrl":"SearchParameter-healthcareservice-identifier-assigner.html","title":"Plannet_sp_healthcareservice_identifier_assigner","generation":"generated"},{"nameUrl":"SearchParameter-healthcareservice-identifier.html","title":"Plannet_sp_healthcareservice_identifier","generation":"generated"},{"nameUrl":"SearchParameter-healthcareservice-location.html","title":"Plannet_sp_healthcareservice_location","generation":"generated"},{"nameUrl":"SearchParameter-healthcareservice-name.html","title":"Plannet_sp_healthcareservice_name","generation":"generated"},{"nameUrl":"SearchParameter-healthcareservice-new-patient-network.html","title":"Plannet_sp_healthcareservice_new_patient_network","generation":"generated"},{"nameUrl":"SearchParameter-healthcareservice-new-patient.html","title":"Plannet_sp_healthcareservice_new_patient","generation":"generated"},{"nameUrl":"SearchParameter-healthcareservice-organization.html","title":"Plannet_sp_healthcareservice_organization","generation":"generated"},{"nameUrl":"SearchParameter-healthcareservice-service-category.html","title":"Plannet_sp_healthcareservice_category","generation":"generated"},{"nameUrl":"SearchParameter-healthcareservice-service-type.html","title":"Plannet_sp_healthcareservice_type","generation":"generated"},{"nameUrl":"SearchParameter-healthcareservice-specialty.html","title":"Plannet_sp_healthcareservice_specialty","generation":"generated"},{"nameUrl":"SearchParameter-insuranceplan-administered-by.html","title":"Plannet_sp_insuranceplan_administered_by","generation":"generated"},{"nameUrl":"SearchParameter-insuranceplan-coverage-area.html","title":"Plannet_sp_insuranceplan_coverage_area","generation":"generated"},{"nameUrl":"SearchParameter-insuranceplan-coverage-benefit-type.html","title":"Plannet_sp_insuranceplan_coverage_benefit_type","generation":"generated"},{"nameUrl":"SearchParameter-insuranceplan-coverage-network.html","title":"Plannet_sp_insuranceplan_coverage_network","generation":"generated"},{"nameUrl":"SearchParameter-insuranceplan-coverage-type.html","title":"Plannet_sp_insuranceplan_coverage_type","generation":"generated"},{"nameUrl":"SearchParameter-insuranceplan-identifier.html","title":"Plannet_sp_insuranceplan_identifier","generation":"generated"},{"nameUrl":"SearchParameter-insuranceplan-name.html","title":"Plannet_sp_insuranceplan_name","generation":"generated"},{"nameUrl":"SearchParameter-insuranceplan-network.html","title":"Plannet_sp_insuranceplan_network","generation":"generated"},{"nameUrl":"SearchParameter-insuranceplan-owned-by.html","title":"Plannet_sp_insuranceplan_owned_by","generation":"generated"},{"nameUrl":"SearchParameter-insuranceplan-plan-coverage-area.html","title":"Plannet_sp_insuranceplan_plan_coverage_area","generation":"generated"},{"nameUrl":"SearchParameter-insuranceplan-plan-identifier.html","title":"Plannet_sp_insuranceplan_plan_identifier","generation":"generated"},{"nameUrl":"SearchParameter-insuranceplan-plan-network.html","title":"Plannet_sp_insuranceplan_plan_network","generation":"generated"},{"nameUrl":"SearchParameter-insuranceplan-plan-type.html","title":"Plannet_sp_insuranceplan_plan_type","generation":"generated"},{"nameUrl":"SearchParameter-insuranceplan-type.html","title":"Plannet_sp_insuranceplan_type","generation":"generated"},{"nameUrl":"SearchParameter-location-accessibility.html","title":"Plannet_sp_location_accessibility","generation":"generated"},{"nameUrl":"SearchParameter-location-address.html","title":"Plannet_sp_location_address","generation":"generated"},{"nameUrl":"SearchParameter-location-contains.html","title":"Plannet_sp_location_contains","generation":"generated"},{"nameUrl":"SearchParameter-location-identifier-assigner.html","title":"Plannet_sp_location_identifier_assigner","generation":"generated"},{"nameUrl":"SearchParameter-location-identifier.html","title":"Plannet_sp_location_identifier","generation":"generated"},{"nameUrl":"SearchParameter-location-new-patient-network.html","title":"Plannet_sp_location_new_patient_network","generation":"generated"},{"nameUrl":"SearchParameter-location-new-patient.html","title":"Plannet_sp_location_new_patient","generation":"generated"},{"nameUrl":"SearchParameter-location-organization.html","title":"Plannet_sp_location_organization","generation":"generated"},{"nameUrl":"SearchParameter-location-partof.html","title":"Plannet_sp_location_partof","generation":"generated"},{"nameUrl":"SearchParameter-location-type.html","title":"Plannet_sp_location_type","generation":"generated"},{"nameUrl":"SearchParameter-organization-address-city.html","title":"Plannet_sp_organization_address_city","generation":"generated"},{"nameUrl":"SearchParameter-organization-address-country.html","title":"Plannet_sp_organization_address_country","generation":"generated"},{"nameUrl":"SearchParameter-organization-address-postalcode.html","title":"Plannet_sp_organization_address_postalcode","generation":"generated"},{"nameUrl":"SearchParameter-organization-address-state.html","title":"Plannet_sp_organization_address_state","generation":"generated"},{"nameUrl":"SearchParameter-organization-address.html","title":"Plannet_sp_organization_address","generation":"generated"},{"nameUrl":"SearchParameter-organization-coverage-area.html","title":"Plannet_sp_network_coverage_area","generation":"generated"},{"nameUrl":"SearchParameter-organization-endpoint.html","title":"Plannet_sp_organization_endpoint","generation":"generated"},{"nameUrl":"SearchParameter-organization-identifier-assigner.html","title":"Plannet_sp_organization_identifier_assigner","generation":"generated"},{"nameUrl":"SearchParameter-organization-identifier.html","title":"Plannet_sp_organization_identifier","generation":"generated"},{"nameUrl":"SearchParameter-organization-name.html","title":"Plannet_sp_organization_name","generation":"generated"},{"nameUrl":"SearchParameter-organization-partof.html","title":"Plannet_sp_organization_partof","generation":"generated"},{"nameUrl":"SearchParameter-organization-qualification-code.html","title":"Plannet_sp_organization_qualification_code","generation":"generated"},{"nameUrl":"SearchParameter-organization-qualification-issuer.html","title":"Plannet_sp_organization_qualification_issuer","generation":"generated"},{"nameUrl":"SearchParameter-organization-qualification-wherevalid-code.html","title":"Plannet_sp_organization_qualification_wherevalid_code","generation":"generated"},{"nameUrl":"SearchParameter-organization-qualification-wherevalid-location.html","title":"Plannet_sp_organization_qualification_wherevalid_location","generation":"generated"},{"nameUrl":"SearchParameter-organization-type.html","title":"Plannet_sp_organization_type","generation":"generated"},{"nameUrl":"SearchParameter-organizationaffiliation-identifier-assigner.html","title":"Plannet_sp_organizationaffiliation_identifier_assigner","generation":"generated"},{"nameUrl":"SearchParameter-organizationaffiliation-identifier.html","title":"Plannet_sp_organizationaffiliation_identifier","generation":"generated"},{"nameUrl":"SearchParameter-organizationaffiliation-location.html","title":"Plannet_sp_organizationaffiliation_location","generation":"generated"},{"nameUrl":"SearchParameter-organizationaffiliation-network.html","title":"Plannet_sp_organizationaffiliation_network","generation":"generated"},{"nameUrl":"SearchParameter-organizationaffiliation-participating-organization.html","title":"Plannet_sp_organizationaffiliation_participating_organization","generation":"generated"},{"nameUrl":"SearchParameter-organizationaffiliation-primary-organization.html","title":"Plannet_sp_organizationaffiliation_primary_organization","generation":"generated"},{"nameUrl":"SearchParameter-organizationaffiliation-role.html","title":"Plannet_sp_organizationaffiliation_role","generation":"generated"},{"nameUrl":"SearchParameter-organizationaffiliation-service.html","title":"Plannet_sp_organizationaffiliation_service","generation":"generated"},{"nameUrl":"SearchParameter-organizationaffiliation-specialty.html","title":"Plannet_sp_organizationaffiliation_specialty","generation":"generated"},{"nameUrl":"SearchParameter-practitioner-family-name.html","title":"Plannet_sp_practitioner_family_name","generation":"generated"},{"nameUrl":"SearchParameter-practitioner-given-name.html","title":"Plannet_sp_practitioner_given_name","generation":"generated"},{"nameUrl":"SearchParameter-practitioner-identifier-assigner.html","title":"Plannet_sp_practitioner_identifier_assigner","generation":"generated"},{"nameUrl":"SearchParameter-practitioner-identifier.html","title":"Plannet_sp_practitioner_identifier","generation":"generated"},{"nameUrl":"SearchParameter-practitioner-name.html","title":"Plannet_sp_practitioner_name","generation":"generated"},{"nameUrl":"SearchParameter-practitioner-phonetic.html","title":"Plannet_sp_practitioner_phonetic","generation":"generated"},{"nameUrl":"SearchParameter-practitioner-qualification-code.html","title":"Plannet_sp_practitioner_qualification_code","generation":"generated"},{"nameUrl":"SearchParameter-practitioner-qualification-issuer.html","title":"Plannet_sp_practitioner_qualification_issuer","generation":"generated"},{"nameUrl":"SearchParameter-practitioner-qualification-wherevalid-code.html","title":"Plannet_sp_practitioner_qualification_wherevalid_code","generation":"generated"},{"nameUrl":"SearchParameter-practitioner-qualification-wherevalid-location.html","title":"Plannet_sp_practitioner_qualification_wherevalid_location","generation":"generated"},{"nameUrl":"SearchParameter-practitionerrole-endpoint.html","title":"Plannet_sp_practitionerrole_endpoint","generation":"generated"},{"nameUrl":"SearchParameter-practitionerrole-identifier-assigner.html","title":"Plannet_sp_practitionerrole_identifier_assigner","generation":"generated"},{"nameUrl":"SearchParameter-practitionerrole-identifier.html","title":"Plannet_sp_practitionerrole_identifier","generation":"generated"},{"nameUrl":"SearchParameter-practitionerrole-location.html","title":"Plannet_sp_practitionerrole_location","generation":"generated"},{"nameUrl":"SearchParameter-practitionerrole-network.html","title":"Plannet_sp_practitionerrole_network","generation":"generated"},{"nameUrl":"SearchParameter-practitionerrole-new-patient-network.html","title":"Plannet_sp_practitionerrole_new_patient_network","generation":"generated"},{"nameUrl":"SearchParameter-practitionerrole-new-patient.html","title":"Plannet_sp_practitionerrole_new_patient","generation":"generated"},{"nameUrl":"SearchParameter-practitionerrole-organization.html","title":"Plannet_sp_practitionerrole_organization","generation":"generated"},{"nameUrl":"SearchParameter-practitionerrole-practitioner.html","title":"Plannet_sp_practitionerrole_practitioner","generation":"generated"},{"nameUrl":"SearchParameter-practitionerrole-qualification-code.html","title":"Plannet_sp_practitionerrole_qualification_code","generation":"generated"},{"nameUrl":"SearchParameter-practitionerrole-qualification-issuer.html","title":"Plannet_sp_practitionerrole_qualification_issuer","generation":"generated"},{"nameUrl":"SearchParameter-practitionerrole-qualification-wherevalid-code.html","title":"Plannet_sp_practitionerrole_qualification_wherevalid_code","generation":"generated"},{"nameUrl":"SearchParameter-practitionerrole-qualification-wherevalid-location.html","title":"Plannet_sp_practitionerrole_qualification_wherevalid_location","generation":"generated"},{"nameUrl":"SearchParameter-practitionerrole-role.html","title":"Plannet_sp_practitionerrole_role","generation":"generated"},{"nameUrl":"SearchParameter-practitionerrole-service.html","title":"Plannet_sp_practitionerrole_service","generation":"generated"},{"nameUrl":"SearchParameter-practitionerrole-specialty.html","title":"Plannet_sp_practitionerrole_specialty","generation":"generated"}]}]},"parameter":[{"code":"path-resource","value":"input/capabilities"},{"code":"path-resource","value":"input/examples"},{"code":"path-resource","value":"input/extensions"},{"code":"path-resource","value":"input/models"},{"code":"path-resource","value":"input/operations"},{"code":"path-resource","value":"input/profiles"},{"code":"path-resource","value":"input/resources"},{"code":"path-resource","value":"input/vocabulary"},{"code":"path-resource","value":"input/maps"},{"code":"path-pages","value":"template/config"},{"code":"path-pages","value":"input/images"},{"code":"path-tx-cache","value":"input-cache/txcache"}]}}