{"resourceType":"SearchParameter","id":"healthcareservice-new-patient-network","url":"http://hl7.org/fhir/us/davinci-pdex-plan-net/SearchParameter/healthcareservice-new-patient-network","version":"0.1.0","name":"Plannet_sp_healthcareservice_new_patient_network","status":"active","date":"2018-05-22T20:00:00-04:00","publisher":"HL7 Financial Management Working Group","contact":[{"name":"HL7 Financial Management Working Group","telecom":[{"system":"url","value":"http://www.hl7.org/Special/committees/fm/index.cfm"},{"system":"email","value":"fm@lists.HL7.org"}]}],"description":"Select HealthcareServices that are part of the specified network and are/are not accepting new patients","code":"new-patient-network","base":["HealthcareService"],"type":"reference","expression":"HealthcareService.extension.where(url='http://hl7.org/fhir/us/davinci-pdex-plan-net/StructureDefinition/plannet-NewPatients-extension').extension.where(url='network')","target":["Organization"],"multipleOr":true,"multipleAnd":true,"chain":["identifier","name","partof"]}