{"resourceType":"SearchParameter","id":"insuranceplan-coverage-benefit-type","url":"http://hl7.org/fhir/us/davinci-pdex-plan-net/SearchParameter/insuranceplan-coverage-benefit-type","version":"0.1.0","name":"Plannet_sp_insuranceplan_coverage_benefit_type","status":"active","date":"2018-05-22T20:00:00-04:00","publisher":"HL7 Financial Management Working Group","contact":[{"name":"HL7 Financial Management Working Group","telecom":[{"system":"url","value":"http://www.hl7.org/Special/committees/fm/index.cfm"},{"system":"email","value":"fm@lists.HL7.org"}]}],"description":"Select health insurance products offering covered benefits of the specified type","code":"coverage-benefit-type","base":["InsurancePlan"],"type":"token","expression":"InsurancePlan.coverage.benefit.type","multipleOr":true,"multipleAnd":true,"modifier":["text"]}