{"resourceType":"SearchParameter","id":"practitionerrole-identifier","url":"http://hl7.org/fhir/us/davinci-pdex-plan-net/SearchParameter/practitionerrole-identifier","version":"0.1.0","name":"Plannet_sp_practitionerrole_identifier","derivedFrom":"http://hl7.org/fhir/SearchParameter/PractitionerRole-identifier","status":"active","date":"2018-05-22T20:00:00-04:00","publisher":"Saul Kravitz","contact":[{"name":"Saul Kravitz","telecom":[{"system":"email","value":"saul@mitre.org"}]}],"description":"Select PractitionerRoles with the specified identifier","code":"identifier","base":["PractitionerRole"],"type":"token","expression":"PractitionerRole.identifier","multipleOr":true,"multipleAnd":true,"modifier":["text","ofType"]}