{"resourceType":"SearchParameter","id":"healthcareservice-organization","url":"http://hl7.org/fhir/us/davinci-pdex-plan-net/SearchParameter/healthcareservice-organization","version":"0.1.0","name":"Plannet_sp_healthcareservice_organization","derivedFrom":"http://hl7.org/fhir/SearchParameter/HealthcareService-organization","status":"active","date":"2018-05-22T20:00:00-04:00","publisher":"Saul Kravitz","contact":[{"name":"Saul Kravitz","telecom":[{"system":"email","value":"saul@mitre.org"}]}],"description":"Select HealthcareServices provided by the specified organization","code":"organization","base":["HealthcareService"],"type":"reference","expression":"HealthcareService.providedBy","target":["Organization"],"multipleOr":true,"multipleAnd":true,"modifier":["above","below"],"chain":["identifier","name","address","partof","type"]}