{"resourceType":"SearchParameter","id":"healthcareservice-coverage-area","url":"http://hl7.org/fhir/us/davinci-pdex-plan-net/SearchParameter/healthcareservice-coverage-area","version":"0.1.0","name":"Plannet_sp_healthcareservice_coverage_area","derivedFrom":"http://hl7.org/fhir/SearchParameter/HealthcareService-coverage-area","status":"active","date":"2018-05-22T20:00:00-04:00","publisher":"HL7 Financial Management Working Group","contact":[{"name":"HL7 Financial Management Working Group","telecom":[{"system":"url","value":"http://www.hl7.org/Special/committees/fm/index.cfm"},{"system":"email","value":"fm@lists.HL7.org"}]}],"description":"Select services available in a region described by the specified location","code":"coverage-area","base":["HealthcareService"],"type":"reference","expression":"HealthcareService.coverageArea","target":["Location"],"multipleOr":true,"multipleAnd":true,"chain":["identifier","contains"]}