{"resourceType":"SearchParameter","id":"healthcareservice-name","url":"http://hl7.org/fhir/us/davinci-pdex-plan-net/SearchParameter/healthcareservice-name","version":"0.1.0","name":"Plannet_sp_healthcareservice_name","derivedFrom":"http://hl7.org/fhir/SearchParameter/HealthcareService-name","status":"active","date":"2018-05-22T20:00:00-04:00","publisher":"HL7 Financial Management Working Group","contact":[{"name":"HL7 Financial Management Working Group","telecom":[{"system":"url","value":"http://www.hl7.org/Special/committees/fm/index.cfm"},{"system":"email","value":"fm@lists.HL7.org"}]}],"description":"Select HealthcareServices with the specified name","code":"name","base":["HealthcareService"],"type":"string","expression":"HealthcareService.name","multipleOr":true,"multipleAnd":true,"modifier":["exact","contains"]}