{"resourceType":"SearchParameter","id":"practitioner-given-name","url":"http://hl7.org/fhir/us/davinci-pdex-plan-net/SearchParameter/practitioner-given-name","version":"0.1.0","name":"Plannet_sp_practitioner_given_name","derivedFrom":"http://hl7.org/fhir/SearchParameter/individual-given","status":"active","date":"2018-05-22T20:00:00-04:00","publisher":"Saul Kravitz","contact":[{"name":"Saul Kravitz","telecom":[{"system":"email","value":"saul@mitre.org"}]}],"description":"Select Practitioners with the specified given name","code":"given","base":["Practitioner"],"type":"string","expression":"Practitioner.name.given","multipleOr":true,"multipleAnd":true,"modifier":["exact"]}