{"resourceType":"SearchParameter","id":"practitionerrole-location","url":"http://hl7.org/fhir/us/davinci-pdex-plan-net/SearchParameter/practitionerrole-location","version":"0.1.0","name":"Plannet_sp_practitionerrole_location","derivedFrom":"http://hl7.org/fhir/SearchParameter/PractitionerRole-location","status":"active","date":"2018-05-22T20:00:00-04:00","publisher":"HL7 Financial Management Working Group","contact":[{"name":"HL7 Financial Management Working Group","telecom":[{"system":"url","value":"http://www.hl7.org/Special/committees/fm/index.cfm"},{"system":"email","value":"fm@lists.HL7.org"}]}],"description":"Select PractitionerRoles available at the specified location","code":"location","base":["PractitionerRole"],"type":"reference","expression":"PractitionerRole.location","target":["Location"],"multipleOr":true,"multipleAnd":true,"modifier":["above","below"],"chain":["identifier","address","organization","type"]}