{"resourceType":"SearchParameter","id":"location-partof","url":"http://hl7.org/fhir/us/davinci-pdex-plan-net/SearchParameter/location-partof","version":"0.1.0","name":"Plannet_sp_location_partof","derivedFrom":"http://hl7.org/fhir/SearchParameter/Location-partof","status":"active","date":"2018-05-22T20:00:00-04:00","publisher":"HL7 Financial Management Working Group","contact":[{"name":"HL7 Financial Management Working Group","telecom":[{"system":"url","value":"http://www.hl7.org/Special/committees/fm/index.cfm"},{"system":"email","value":"fm@lists.HL7.org"}]}],"description":"Select Locations that are part of the specified location","code":"partof","base":["Location"],"type":"reference","expression":"Location.partOf","target":["Location"],"multipleOr":true,"multipleAnd":true,"modifier":["above","below"],"chain":["identifier","type","address","organization"]}