{"resourceType":"SearchParameter","id":"organization-qualification-code","url":"http://hl7.org/fhir/us/davinci-pdex-plan-net/SearchParameter/organization-qualification-code","version":"0.1.0","name":"Plannet_sp_organization_qualification_code","status":"active","date":"2018-05-22T20:00:00-04:00","publisher":"HL7 Financial Management Working Group","contact":[{"name":"HL7 Financial Management Working Group","telecom":[{"system":"url","value":"http://www.hl7.org/Special/committees/fm/index.cfm"},{"system":"email","value":"fm@lists.HL7.org"}]}],"description":"Select Organizations with a type of qualification matching the specified code","code":"qualification-code","base":["Organization"],"type":"token","expression":"Organization.extension.where(url='http://hl7.org/fhir/uv/vhdir/StructureDefinition/qualification').extension.where(url='code')","multipleOr":true,"multipleAnd":true,"modifier":["text"]}