{"resourceType":"SearchParameter","id":"organizationaffiliation-role","url":"http://hl7.org/fhir/us/davinci-pdex-plan-net/SearchParameter/organizationaffiliation-role","version":"0.1.0","name":"Plannet_sp_organizationaffiliation_role","derivedFrom":"http://hl7.org/fhir/SearchParameter/OrganizationAffiliation-role","status":"active","date":"2018-05-22T20:00:00-04:00","publisher":"HL7 Financial Management Working Group","contact":[{"name":"HL7 Financial Management Working Group","telecom":[{"system":"url","value":"http://www.hl7.org/Special/committees/fm/index.cfm"},{"system":"email","value":"fm@lists.HL7.org"}]}],"description":"Select OrganizationAffiliations with the specified role","code":"role","base":["OrganizationAffiliation"],"type":"token","expression":"OrganizationAffiliation.code","multipleOr":true,"multipleAnd":true,"modifier":["text"]}