{"resourceType":"SearchParameter","id":"organization-coverage-area","url":"http://hl7.org/fhir/us/davinci-pdex-plan-net/SearchParameter/organization-coverage-area","version":"0.1.0","name":"Plannet_sp_network_coverage_area","status":"active","date":"2018-05-22T20:00:00-04:00","publisher":"Saul Kravitz","contact":[{"name":"Saul Kravitz","telecom":[{"system":"email","value":"saul@mitre.org"}]}],"description":"Select health insurance provider networks available in a region described by the specified location","code":"coverage-area","base":["Organization"],"type":"reference","expression":"Organization.extension.where(url='http://hl7.org/fhir/uv/vhdir/StructureDefinition/location-reference')","target":["Location"],"multipleOr":true,"multipleAnd":true,"chain":["identifier","contains"]}