{"resourceType":"SearchParameter","id":"practitioner-identifier","url":"http://hl7.org/fhir/us/davinci-pdex-plan-net/SearchParameter/practitioner-identifier","version":"0.1.0","name":"Plannet_sp_practitioner_identifier","derivedFrom":"http://hl7.org/fhir/SearchParameter/Practitioner-identifier","status":"active","date":"2018-05-22T20:00:00-04:00","publisher":"Saul Kravitz","contact":[{"name":"Saul Kravitz","telecom":[{"system":"email","value":"saul@mitre.org"}]}],"description":"Select Practitioners with the specified identifier","code":"identifier","base":["Practitioner"],"type":"token","expression":"Practitioner.identifier","multipleOr":true,"multipleAnd":true,"modifier":["text","ofType"]}