{"resourceType":"SearchParameter","id":"organization-address-city","url":"http://hl7.org/fhir/us/davinci-pdex-plan-net/SearchParameter/organization-address-city","version":"0.1.0","name":"Plannet_sp_organization_address_city","derivedFrom":"http://hl7.org/fhir/SearchParameter/Organization-address-city","status":"active","date":"2018-05-22T20:00:00-04:00","publisher":"Saul Kravitz","contact":[{"name":"Saul Kravitz","telecom":[{"system":"email","value":"saul@mitre.org"}]}],"description":"Select organizations with an address in the specified city","code":"address-city","base":["Organization"],"type":"string","expression":"Organization.address.city","multipleOr":true,"multipleAnd":true,"modifier":["exact"]}