{"resourceType":"SearchParameter","id":"insuranceplan-plan-network","url":"http://hl7.org/fhir/us/davinci-pdex-plan-net/SearchParameter/insuranceplan-plan-network","version":"0.1.0","name":"Plannet_sp_insuranceplan_plan_network","status":"active","date":"2018-05-22T20:00:00-04:00","publisher":"Saul Kravitz","contact":[{"name":"Saul Kravitz","telecom":[{"system":"email","value":"saul@mitre.org"}]}],"description":"Select plans associated with the specified health insurance provider network","code":"plan-network","base":["InsurancePlan"],"type":"reference","expression":"InsurancePlan.plan.network","target":["Organization"],"multipleOr":true,"multipleAnd":true,"chain":["identifier","name","partof"]}