{"resourceType":"SearchParameter","id":"organization-address","url":"http://hl7.org/fhir/us/davinci-pdex-plan-net/SearchParameter/organization-address","version":"0.1.0","name":"Plannet_sp_organization_address","derivedFrom":"http://hl7.org/fhir/SearchParameter/Organization-address","status":"active","date":"2018-05-22T20:00:00-04:00","publisher":"HL7 Financial Management Working Group","contact":[{"name":"HL7 Financial Management Working Group","telecom":[{"system":"url","value":"http://www.hl7.org/Special/committees/fm/index.cfm"},{"system":"email","value":"fm@lists.HL7.org"}]}],"description":"Select organizations with the specified address (matches any of the string elements of an address)","code":"address","base":["Organization"],"type":"string","expression":"Organization.address","multipleOr":true,"multipleAnd":true,"modifier":["exact","contains"]}