{"resourceType":"SearchParameter","id":"endpoint-payload-type","url":"http://hl7.org/fhir/us/davinci-pdex-plan-net/SearchParameter/endpoint-payload-type","version":"0.1.0","name":"Plannet_sp_endpoint_payload_type","derivedFrom":"http://hl7.org/fhir/SearchParameter/Endpoint-payload-type","status":"active","date":"2018-05-22T20:00:00-04:00","publisher":"HL7 Financial Management Working Group","contact":[{"name":"HL7 Financial Management Working Group","telecom":[{"system":"url","value":"http://www.hl7.org/Special/committees/fm/index.cfm"},{"system":"email","value":"fm@lists.HL7.org"}]}],"description":"Select Endpoints that support the specified type of content","code":"payload-type","base":["Endpoint"],"type":"token","expression":"Endpoint.payloadType","multipleOr":true,"multipleAnd":true,"modifier":["text"]}