{"resourceType":"SearchParameter","id":"endpoint-organization","url":"http://hl7.org/fhir/us/davinci-pdex-plan-net/SearchParameter/endpoint-organization","version":"0.1.0","name":"Plannet_sp_endpoint_organization","derivedFrom":"http://hl7.org/fhir/SearchParameter/Endpoint-organization","status":"active","date":"2018-05-22T20:00:00-04:00","publisher":"Saul Kravitz","contact":[{"name":"Saul Kravitz","telecom":[{"system":"email","value":"saul@mitre.org"}]}],"description":"Select Endpoints managed by the specified organization","code":"organization","base":["Endpoint"],"type":"reference","expression":"Endpoint.managingOrganization","target":["Organization"],"multipleOr":true,"multipleAnd":true,"modifier":["above","below"],"chain":["identifier","name","address","partof","type"]}