{"resourceType":"SearchParameter","id":"organizationaffiliation-service","url":"http://hl7.org/fhir/us/davinci-pdex-plan-net/SearchParameter/organizationaffiliation-service","version":"0.1.0","name":"Plannet_sp_organizationaffiliation_service","derivedFrom":"http://hl7.org/fhir/SearchParameter/OrganizationAffiliation-service","status":"active","date":"2018-05-22T20:00:00-04:00","publisher":"Saul Kravitz","contact":[{"name":"Saul Kravitz","telecom":[{"system":"email","value":"saul@mitre.org"}]}],"description":"Select OrganizationAffiliations providing the specified service","code":"service","base":["OrganizationAffiliation"],"type":"reference","expression":"OrganizationAffiliation.healthcareService","target":["HealthcareService"],"multipleOr":true,"multipleAnd":true,"chain":["identifier","service-category","organization","location"]}