<?xml version="1.0" encoding="UTF-8"?>

<Endpoint xmlns="http://hl7.org/fhir">
  <id value="plannet-organization-1230085657-direct"/>
  <meta>
    <profile value="http://hl7.org/fhir/us/davinci-pdex-plan-net/StructureDefinition/plannet-Endpoint"/>
  </meta>
  <text>
    <status value="generated"/><div xmlns="http://www.w3.org/1999/xhtml"><p><b>Generated Narrative with Details</b></p><p><b>id</b>: plannet-organization-1230085657-direct</p><p><b>meta</b>: </p><p><b>status</b>: active</p><p><b>connectionType</b>: Direct Project (Details: http://terminology.hl7.org/CodeSystem/endpoint-connection-type code direct-project = 'Direct Project', stated as 'Direct Project')</p><p><b>name</b>: BAYSIDE ENDOSCOPY, LLC Direct Address</p><p><b>managingOrganization</b>: <a href="Organization-plannet-organization-1230085657.html">BAYSIDE ENDOSCOPY, LLC. Generated Summary: id: plannet-organization-1230085657; NPI = 1230085657 (OFFICIAL); active; <span title="Codes: {http://terminology.hl7.org/CodeSystem/organization-type prov}">Healthcare Provider</span>; name: BAYSIDE ENDOSCOPY, LLC; ph: 735-380-1096 x267(WORK), fax: 1-265-938-5709 x280(WORK)</a></p><p><b>contact</b>: ph: (287) 626-1016 x541</p><p><b>payloadType</b>: HL7 CCD Document <span style="background: LightGoldenRodYellow">(Details : {urn:oid:1.3.6.1.4.1.19376.1.2.3 code 'urn:ihe:pcc:xphr:2007' = 'urn:ihe:pcc:xphr:2007', given as 'HL7 CCD Document'})</span></p><p><b>payloadMimeType</b>: application/hl7-v3+xml</p><p><b>address</b>: <a href="mailto:bayside-endoscopy-llc@direct.bayside-endoscopy-llc.org">bayside-endoscopy-llc@direct.bayside-endoscopy-llc.org</a></p></div>
  </text>
  <extension url="http://hl7.org/fhir/uv/vhdir/StructureDefinition/endpoint-usecase">
    <extension url="type">
      <valueCodeableConcept>
        <coding>
          <system value="http://hl7.org/fhir/uv/vhdir/CodeSystem/usecase"/>
          <code value="treatment"/>
          <display value="treatment"/>
        </coding>
      </valueCodeableConcept>
    </extension>
    <extension url="standard">
      <valueUri value="http://wiki.directproject.org/File:2011-03-09_PDF_-_XDR_and_XDM_for_Direct_Messaging_Specification_FINAL.pdf"/>
    </extension>
  </extension>
  <status value="active"/>
  <connectionType>
    <system value="http://terminology.hl7.org/CodeSystem/endpoint-connection-type"/>
    <code value="direct-project"/>
    <display value="Direct Project"/>
  </connectionType>
  <name value="BAYSIDE ENDOSCOPY, LLC Direct Address"/>
  <managingOrganization>
    <reference value="Organization/plannet-organization-1230085657"/>
    <display value="BAYSIDE ENDOSCOPY, LLC"/>
  </managingOrganization>
  <contact>
    <system value="phone"/>
    <value value="(287) 626-1016 x541"/>
  </contact>
  <payloadType>
    <coding>
      <system value="urn:oid:1.3.6.1.4.1.19376.1.2.3"/>
      <code value="urn:ihe:pcc:xphr:2007"/>
      <display value="HL7 CCD Document"/>
    </coding>
  </payloadType>
  <payloadMimeType value="application/hl7-v3+xml"/>
  <address value="mailto:bayside-endoscopy-llc@direct.bayside-endoscopy-llc.org"/>
</Endpoint>