<?xml version="1.0" encoding="UTF-8"?>

<Location xmlns="http://hl7.org/fhir">
  <id value="loc-ws"/>
  <meta>
    <profile value="http://hl7.org/fhir/us/davinci-pdex-plan-net/StructureDefinition/plannet-Location"/>
  </meta>
  <text>
    <status value="generated"/><div xmlns="http://www.w3.org/1999/xhtml"><p><b>Generated Narrative with Details</b></p><p><b>id</b>: loc-ws</p><p><b>meta</b>: </p><p><b>contained</b>: </p><p><b>status</b>: active</p><p><b>name</b>: The W Womens Shelter</p><p><b>telecom</b>: https://exmaple.org/The-W-shelter, ph: 555 administration</p><p><b>address</b>: 3300 Washtenaw Avenue, Suite 227 Ann Arbor MI 48104 USA </p></div>
  </text>
  <status value="active"/>
  <name value="The W Womens Shelter"/>
  <telecom>
    <system value="url"/>
    <value value="https://exmaple.org/The-W-shelter"/>
  </telecom>
  <telecom>
    <system value="phone"/>
    <value value="555 administration"/>
  </telecom>
  <address>
    <line value="3300 Washtenaw Avenue, Suite 227"/>
    <city value="Ann Arbor"/>
    <state value="MI"/>
    <postalCode value="48104"/>
    <country value="USA"/>
  </address>
</Location>