<?xml version="1.0" encoding="UTF-8"?>

<Location xmlns="http://hl7.org/fhir">
  <id value="plannet-location-1230085657"/>
  <meta>
    <profile value="http://hl7.org/fhir/us/davinci-pdex-plan-net/StructureDefinition/plannet-Location"/>
  </meta>
  <text>
    <status value="generated"/><div xmlns="http://www.w3.org/1999/xhtml"><p><b>Generated Narrative with Details</b></p><p><b>id</b>: plannet-location-1230085657</p><p><b>meta</b>: </p><p><b>identifier</b>: main campus (SECONDARY)</p><p><b>status</b>: active</p><p><b>name</b>: BAYSIDE ENDOSCOPY, LLC</p><p><b>description</b>: Main campus of BAYSIDE ENDOSCOPY, LLC</p><p><b>telecom</b>: ph: 735-380-1096 x267(WORK), fax: 1-265-938-5709 x280(WORK)</p><p><b>address</b>: 33 STANIFORD ST, PROVIDENCE, RI 029053105(WORK)</p><h3>Positions</h3><table class="grid"><tr><td>-</td><td><b>Longitude</b></td><td><b>Latitude</b></td></tr><tr><td>*</td><td>-71.41177</td><td>41.809006</td></tr></table><p><b>managingOrganization</b>: <a href="Organization-plannet-organization-1230085657.html">BAYSIDE ENDOSCOPY, LLC. Generated Summary: id: plannet-organization-1230085657; NPI = 1230085657 (OFFICIAL); active; <span title="Codes: {http://terminology.hl7.org/CodeSystem/organization-type prov}">Healthcare Provider</span>; name: BAYSIDE ENDOSCOPY, LLC; ph: 735-380-1096 x267(WORK), fax: 1-265-938-5709 x280(WORK)</a></p><h3>HoursOfOperations</h3><table class="grid"><tr><td>-</td><td><b>DaysOfWeek</b></td><td><b>AllDay</b></td></tr><tr><td>*</td><td>mon</td><td>true</td></tr></table><p><b>availabilityExceptions</b>: visiting hours from 6:00 am - 10:00 pm</p></div>
  </text>
  <extension url="http://hl7.org/fhir/uv/vhdir/StructureDefinition/accessibility">
    <valueCodeableConcept>
      <coding>
        <system value="http://hl7.org/fhir/uv/vhdir/CodeSystem/accessibility"/>
        <code value="handiaccess"/>
        <display value="handicap accessible"/>
      </coding>
      <text value="Offers a variety of services and programs for persons with disabilities"/>
    </valueCodeableConcept>
  </extension>
  <extension url="http://hl7.org/fhir/us/davinci-pdex-plan-net/StructureDefinition/newpatients">
    <extension url="acceptingPatients">
      <valueBoolean value="false"/>
    </extension>
  </extension>
  <extension url="http://hl7.org/fhir/uv/vhdir/StructureDefinition/newpatientprofile">
    <valueString value="This location accepts all types of patients"/>
  </extension>
  <identifier>
    <extension url="http://hl7.org/fhir/uv/vhdir/StructureDefinition/identifier-status">
      <valueCode value="active"/>
    </extension>
    <use value="secondary"/>
    <system value="https://bayside-endoscopy-llc.com"/>
    <value value="main campus"/>
    <assigner>
      <reference value="Organization/plannet-organization-1230085657"/>
      <display value="BAYSIDE ENDOSCOPY, LLC"/>
    </assigner>
  </identifier>
  <status value="active"/>
  <name value="BAYSIDE ENDOSCOPY, LLC"/>
  <description value="Main campus of BAYSIDE ENDOSCOPY, LLC"/>
  <telecom>
    <extension url="http://hl7.org/fhir/uv/vhdir/StructureDefinition/contactpoint-availabletime">
      <extension url="allDay">
        <valueBoolean value="true"/>
      </extension>
    </extension>
    <system value="phone"/>
    <value value="735-380-1096 x267"/>
    <use value="work"/>
  </telecom>
  <telecom>
    <extension url="http://hl7.org/fhir/uv/vhdir/StructureDefinition/contactpoint-availabletime">
      <extension url="allDay">
        <valueBoolean value="true"/>
      </extension>
    </extension>
    <system value="fax"/>
    <value value="1-265-938-5709 x280"/>
    <use value="work"/>
  </telecom>
  <address>
    <use value="work"/>
    <type value="both"/>
    <text value="33 STANIFORD ST, PROVIDENCE, RI 029053105"/>
    <line value="33 STANIFORD ST"/>
    <city value="PROVIDENCE"/>
    <state value="RI"/>
    <postalCode value="029053105"/>
    <country value="USA"/>
  </address>
  <position>
    <longitude value="-71.41177"/>
    <latitude value="41.809006"/>
  </position>
  <managingOrganization>
    <reference value="Organization/plannet-organization-1230085657"/>
    <display value="BAYSIDE ENDOSCOPY, LLC"/>
  </managingOrganization>
  <hoursOfOperation>
    <daysOfWeek value="mon"/>
    <daysOfWeek value="tue"/>
    <daysOfWeek value="wed"/>
    <daysOfWeek value="thu"/>
    <daysOfWeek value="fri"/>
    <daysOfWeek value="sat"/>
    <daysOfWeek value="sun"/>
    <allDay value="true"/>
  </hoursOfOperation>
  <availabilityExceptions value="visiting hours from 6:00 am - 10:00 pm"/>
</Location>