<?xml version="1.0" encoding="UTF-8"?>

<Organization xmlns="http://hl7.org/fhir">
  <id value="plannet-organization-1239774646"/>
  <meta>
    <profile value="http://hl7.org/fhir/us/davinci-pdex-plan-net/StructureDefinition/plannet-Organization"/>
  </meta>
  <text>
    <status value="generated"/><div xmlns="http://www.w3.org/1999/xhtml"><p><b>Generated Narrative with Details</b></p><p><b>id</b>: plannet-organization-1239774646</p><p><b>meta</b>: </p><p><b>identifier</b>: NPI = 1239774646 (OFFICIAL)</p><p><b>active</b>: true</p><p><b>type</b>: Healthcare Provider <span style="background: LightGoldenRodYellow">(Details : {http://terminology.hl7.org/CodeSystem/organization-type code 'prov' = 'Healthcare Provider', given as 'Healthcare Provider'})</span></p><p><b>name</b>: GREATER LAWRENCE FAMILY HEALTH CENTER, INC.</p><p><b>telecom</b>: ph: 270.615.4229(WORK), fax: 157-116-9370 x637(WORK)</p><p><b>address</b>: 34 HAVERHILL ST, LAWRENCE, MA 018412884(WORK)</p><h3>Contacts</h3><table class="grid"><tr><td>-</td><td><b>Purpose</b></td><td><b>Name</b></td><td><b>Telecom</b></td><td><b>Address</b></td></tr><tr><td>*</td><td>Administrative <span style="background: LightGoldenRodYellow">(Details : {http://terminology.hl7.org/CodeSystem/contactentity-type code 'ADMIN' = 'Administrative', given as 'Administrative'})</span></td><td>Ressie Will(OFFICIAL)</td><td>ph: 270.615.4229(WORK)</td><td>34 HAVERHILL ST, LAWRENCE, MA 018412884(WORK)</td></tr></table></div>
  </text>
  <identifier>
    <use value="official"/>
    <type>
      <coding>
        <system value="http://terminology.hl7.org/CodeSystem/v2-0203"/>
        <code value="NPI"/>
        <display value="Provider number"/>
        <userSelected value="true"/>
      </coding>
      <text value="NPI"/>
    </type>
    <system value="http://hl7.org/fhir/sid/us-npi"/>
    <value value="1239774646"/>
    <assigner>
      <display value="Centers for Medicare and Medicaid Services"/>
    </assigner>
  </identifier>
  <active value="true"/>
  <type>
    <coding>
      <system value="http://terminology.hl7.org/CodeSystem/organization-type"/>
      <code value="prov"/>
      <display value="Healthcare Provider"/>
    </coding>
    <text value="Healthcare Provider"/>
  </type>
  <name value="GREATER LAWRENCE FAMILY HEALTH CENTER, INC."/>
  <telecom>
    <system value="phone"/>
    <value value="270.615.4229"/>
    <use value="work"/>
  </telecom>
  <telecom>
    <system value="fax"/>
    <value value="157-116-9370 x637"/>
    <use value="work"/>
  </telecom>
  <address>
    <extension url="http://hl7.org/fhir/StructureDefinition/geolocation">
      <extension url="latitude">
        <valueDecimal value="42.712082"/>
      </extension>
      <extension url="longitude">
        <valueDecimal value="-71.15223"/>
      </extension>
    </extension>
    <use value="work"/>
    <type value="both"/>
    <text value="34 HAVERHILL ST, LAWRENCE, MA 018412884"/>
    <line value="34 HAVERHILL ST"/>
    <city value="LAWRENCE"/>
    <state value="MA"/>
    <postalCode value="018412884"/>
    <country value="USA"/>
  </address>
  <contact>
    <purpose>
      <coding>
        <system value="http://terminology.hl7.org/CodeSystem/contactentity-type"/>
        <code value="ADMIN"/>
        <display value="Administrative"/>
      </coding>
    </purpose>
    <name>
      <use value="official"/>
      <text value="Ressie Will"/>
      <family value="Will"/>
      <given value="Ressie"/>
    </name>
    <telecom>
      <extension url="http://hl7.org/fhir/uv/vhdir/StructureDefinition/contactpoint-availabletime">
        <extension url="daysOfWeek">
          <valueCode value="mon"/>
        </extension>
        <extension url="daysOfWeek">
          <valueCode value="tue"/>
        </extension>
        <extension url="daysOfWeek">
          <valueCode value="wed"/>
        </extension>
        <extension url="daysOfWeek">
          <valueCode value="thu"/>
        </extension>
        <extension url="daysOfWeek">
          <valueCode value="fri"/>
        </extension>
        <extension url="availableStartTime">
          <valueTime value="07:00:00"/>
        </extension>
        <extension url="availableEndTime">
          <valueTime value="18:00:00"/>
        </extension>
      </extension>
      <system value="phone"/>
      <value value="270.615.4229"/>
      <use value="work"/>
    </telecom>
    <address>
      <use value="work"/>
      <type value="both"/>
      <text value="34 HAVERHILL ST, LAWRENCE, MA 018412884"/>
      <line value="34 HAVERHILL ST"/>
      <city value="LAWRENCE"/>
      <state value="MA"/>
      <postalCode value="018412884"/>
      <country value="USA"/>
    </address>
  </contact>
</Organization>