<?xml version="1.0" encoding="UTF-8"?>

<Organization xmlns="http://hl7.org/fhir">
  <id value="plannet-organization-3b4358447f58795888ada0a39"/>
  <meta>
    <profile value="http://hl7.org/fhir/us/davinci-pdex-plan-net/StructureDefinition/plannet-Organization"/>
  </meta>
  <text>
    <status value="generated"/><div xmlns="http://www.w3.org/1999/xhtml"><p><b>Generated Narrative with Details</b></p><p><b>id</b>: plannet-organization-3b4358447f58795888ada0a39</p><p><b>meta</b>: </p><p><b>identifier</b>: 524968 (OFFICIAL)</p><p><b>active</b>: true</p><p><b>type</b>: Other <span style="background: LightGoldenRodYellow">(Details : {http://terminology.hl7.org/CodeSystem/organization-type code 'other' = 'Other', given as 'Other'})</span></p><p><b>name</b>: OXFORD</p><p><b>telecom</b>: ph: 1-403-175-9221 x396(WORK), fax: 715-555-1198 x39741(WORK)</p><p><b>address</b>: ,  00000(WORK)</p><h3>Contacts</h3><table class="grid"><tr><td>-</td><td><b>Purpose</b></td><td><b>Name</b></td><td><b>Telecom</b></td><td><b>Address</b></td></tr><tr><td>*</td><td>Administrative <span style="background: LightGoldenRodYellow">(Details : {http://terminology.hl7.org/CodeSystem/contactentity-type code 'ADMIN' = 'Administrative', given as 'Administrative'})</span></td><td>Chanda Glover(OFFICIAL)</td><td>ph: 1-403-175-9221 x396(WORK)</td><td>,  00000(WORK)</td></tr></table></div>
  </text>
  <identifier>
    <extension url="http://hl7.org/fhir/uv/vhdir/StructureDefinition/identifier-status">
      <valueCode value="active"/>
    </extension>
    <use value="official"/>
    <system value="http://i.made/this/up"/>
    <value value="524968"/>
  </identifier>
  <active value="true"/>
  <type>
    <coding>
      <system value="http://terminology.hl7.org/CodeSystem/organization-type"/>
      <code value="other"/>
      <display value="Other"/>
    </coding>
    <text value="Other"/>
  </type>
  <name value="OXFORD"/>
  <telecom>
    <system value="phone"/>
    <value value="1-403-175-9221 x396"/>
    <use value="work"/>
  </telecom>
  <telecom>
    <system value="fax"/>
    <value value="715-555-1198 x39741"/>
    <use value="work"/>
  </telecom>
  <address>
    <extension url="http://hl7.org/fhir/StructureDefinition/geolocation">
      <extension url="latitude">
        <valueDecimal value="41.54454"/>
      </extension>
      <extension url="longitude">
        <valueDecimal value="-73.209002"/>
      </extension>
    </extension>
    <use value="work"/>
    <type value="both"/>
    <text value=",  00000"/>
    <postalCode value="00000"/>
    <country value="USA"/>
  </address>
  <contact>
    <purpose>
      <coding>
        <system value="http://terminology.hl7.org/CodeSystem/contactentity-type"/>
        <code value="ADMIN"/>
        <display value="Administrative"/>
      </coding>
    </purpose>
    <name>
      <use value="official"/>
      <text value="Chanda Glover"/>
      <family value="Glover"/>
      <given value="Chanda"/>
    </name>
    <telecom>
      <extension url="http://hl7.org/fhir/uv/vhdir/StructureDefinition/contactpoint-availabletime">
        <extension url="daysOfWeek">
          <valueCode value="mon"/>
        </extension>
        <extension url="daysOfWeek">
          <valueCode value="tue"/>
        </extension>
        <extension url="daysOfWeek">
          <valueCode value="wed"/>
        </extension>
        <extension url="daysOfWeek">
          <valueCode value="thu"/>
        </extension>
        <extension url="daysOfWeek">
          <valueCode value="fri"/>
        </extension>
        <extension url="availableStartTime">
          <valueTime value="07:00:00"/>
        </extension>
        <extension url="availableEndTime">
          <valueTime value="18:00:00"/>
        </extension>
      </extension>
      <system value="phone"/>
      <value value="1-403-175-9221 x396"/>
      <use value="work"/>
    </telecom>
    <address>
      <use value="work"/>
      <type value="both"/>
      <text value=",  00000"/>
      <postalCode value="00000"/>
      <country value="USA"/>
    </address>
  </contact>
</Organization>