<?xml version="1.0" encoding="UTF-8"?>

<Organization xmlns="http://hl7.org/fhir">
  <id value="plannet-network-HPID040000"/>
  <meta>
    <profile value="http://hl7.org/fhir/us/davinci-pdex-plan-net/StructureDefinition/plannet-Network"/>
  </meta>
  <text>
    <status value="generated"/><div xmlns="http://www.w3.org/1999/xhtml"><p><b>Generated Narrative with Details</b></p><p><b>id</b>: plannet-network-HPID040000</p><p><b>meta</b>: </p><p><b>identifier</b>: The Health Plan Identifier (HPID) = HPID040000 (OFFICIAL)</p><p><b>active</b>: true</p><p><b>type</b>: Preferred Provider Organization (PPO) <span style="background: LightGoldenRodYellow">(Details : {http://terminology.hl7.org/CodeSystem/organization-type code 'pay' = 'Payer', given as 'Payer'})</span></p><p><b>name</b>: Acme of Connecticut Preferred Provider Network</p><p><b>address</b>: 690 Asylum Avenue, Hartford, CT 06101(WORK)</p><p><b>partOf</b>: <a href="Organization/plannet-organization-1230210000">Acme Insurance Co</a></p><h3>Contacts</h3><table class="grid"><tr><td>-</td><td><b>Purpose</b></td><td><b>Name</b></td><td><b>Telecom</b></td><td><b>Address</b></td></tr><tr><td>*</td><td>Administrative <span style="background: LightGoldenRodYellow">(Details : {http://terminology.hl7.org/CodeSystem/contactentity-type code 'ADMIN' = 'Administrative', given as 'Administrative'})</span></td><td>Elijah Abshire(OFFICIAL)</td><td>ph: 345.275.2757(WORK)</td><td>690 Asylum Avenue, Hartford, CT 06101(WORK)</td></tr></table></div>
  </text>
  <identifier>
    <use value="official"/>
    <type>
      <coding>
        <system value="http://terminology.hl7.org/CodeSystem/v2-0203"/>
        <code value="NIIP"/>
        <display value="National Insurance Payor Identifier (Payor)"/>
        <userSelected value="true"/>
      </coding>
      <text value="The Health Plan Identifier (HPID)"/>
    </type>
    <system value="https://www.qhpcertification.cms.gov/s/QHP"/>
    <value value="HPID040000"/>
    <assigner>
      <display value="Centers for Medicare and Medicaid Services"/>
    </assigner>
  </identifier>
  <active value="true"/>
  <type>
    <coding>
      <system value="http://terminology.hl7.org/CodeSystem/organization-type"/>
      <code value="pay"/>
      <display value="Payer"/>
    </coding>
    <text value="Preferred Provider Organization (PPO)"/>
  </type>
  <name value="Acme of Connecticut Preferred Provider Network"/>
  <address>
    <use value="work"/>
    <type value="both"/>
    <text value="690 Asylum Avenue, Hartford, CT 06101"/>
    <line value="690 Asylum Avenue"/>
    <city value="Hartford"/>
    <state value="CT"/>
    <postalCode value="06101"/>
    <country value="USA"/>
  </address>
  <partOf>
    <reference value="Organization/plannet-organization-1230210000"/>
    <display value="Acme Insurance Co"/>
  </partOf>
  <contact>
    <purpose>
      <coding>
        <system value="http://terminology.hl7.org/CodeSystem/contactentity-type"/>
        <code value="ADMIN"/>
        <display value="Administrative"/>
      </coding>
    </purpose>
    <name>
      <use value="official"/>
      <text value="Elijah Abshire"/>
      <family value="Abshire"/>
      <given value="Elijah"/>
    </name>
    <telecom>
      <extension url="http://hl7.org/fhir/uv/vhdir/StructureDefinition/contactpoint-availabletime">
        <extension url="daysOfWeek">
          <valueCode value="mon"/>
        </extension>
        <extension url="daysOfWeek">
          <valueCode value="tue"/>
        </extension>
        <extension url="daysOfWeek">
          <valueCode value="wed"/>
        </extension>
        <extension url="daysOfWeek">
          <valueCode value="thu"/>
        </extension>
        <extension url="daysOfWeek">
          <valueCode value="fri"/>
        </extension>
        <extension url="availableStartTime">
          <valueTime value="07:00:00"/>
        </extension>
        <extension url="availableEndTime">
          <valueTime value="18:00:00"/>
        </extension>
      </extension>
      <system value="phone"/>
      <value value="345.275.2757"/>
      <use value="work"/>
    </telecom>
    <address>
      <use value="work"/>
      <type value="both"/>
      <text value="690 Asylum Avenue, Hartford, CT 06101"/>
      <line value="690 Asylum Avenue"/>
      <city value="Hartford"/>
      <state value="CT"/>
      <postalCode value="06101"/>
      <country value="USA"/>
    </address>
  </contact>
</Organization>