<?xml version="1.0" encoding="UTF-8"?>

<Organization xmlns="http://hl7.org/fhir">
  <id value="independencerehab"/>
  <meta>
    <profile value="http://hl7.org/fhir/us/davinci-pdex-plan-net/StructureDefinition/plannet-Organization"/>
  </meta>
  <text>
    <status value="generated"/><div xmlns="http://www.w3.org/1999/xhtml"><p><b>Generated Narrative with Details</b></p><p><b>id</b>: independencerehab</p><p><b>meta</b>: </p><p><b>active</b>: true</p><p><b>type</b>: Rehabilitation services provider <span style="background: LightGoldenRodYellow">(Details : {http://terminology.hl7.org/CodeSystem/organization-type code 'prov' = 'Healthcare Provider', given as 'Healthcare Provider'})</span></p><p><b>name</b>: Independence Rehabilitation Services, Inc.</p></div>
  </text>
  <identifier>
    <use value="official"/>
    <type>
      <coding>
        <system value="http://terminology.hl7.org/CodeSystem/v2-0203"/>
        <code value="NPI"/>
        <display value="National provider identifier"/>
        <userSelected value="true"/>
      </coding>
      <text value="NPI"/>
    </type>
    <system value="http://hl7.org/fhir/sid/us-npi"/>
    <value value="1234664321"/>
    <assigner>
      <display value="Centers for Medicare and Medicaid Services"/>
    </assigner>
  </identifier>
  <active value="true"/>
  <type>
    <coding>
      <system value="http://terminology.hl7.org/CodeSystem/organization-type"/>
      <code value="prov"/>
      <display value="Healthcare Provider"/>
    </coding>
    <text value="Rehabilitation services provider"/>
  </type>
  <name value="Independence Rehabilitation Services, Inc."/>
  <telecom>
    <extension url="http://hl7.org/fhir/uv/vhdir/StructureDefinition/contactpoint-availabletime">
      <extension url="daysOfWeek">
        <valueCode value="mon"/>
      </extension>
      <extension url="daysOfWeek">
        <valueCode value="tue"/>
      </extension>
      <extension url="daysOfWeek">
        <valueCode value="wed"/>
      </extension>
      <extension url="daysOfWeek">
        <valueCode value="thu"/>
      </extension>
      <extension url="daysOfWeek">
        <valueCode value="fri"/>
      </extension>
      <extension url="availableStartTime">
        <valueTime value="07:00:00"/>
      </extension>
      <extension url="availableEndTime">
        <valueTime value="18:00:00"/>
      </extension>
    </extension>
    <system value="phone"/>
    <value value="123-456-7890"/>
    <use value="work"/>
  </telecom>
  <address>
    <extension url="http://hl7.org/fhir/StructureDefinition/geolocation">
      <extension url="latitude">
        <valueDecimal value="38.897957"/>
      </extension>
      <extension url="longitude">
        <valueDecimal value="-77.03656"/>
      </extension>
    </extension>
    <use value="work"/>
    <type value="both"/>
    <text value="1500 Pennsylvania Ave NW, Washington, DC 20006, USA"/>
    <line value="1600 Pennsylvania Ave NW"/>
    <city value="Washington"/>
    <state value="DC"/>
    <postalCode value="20006"/>
    <country value="USA"/>
    <period>
      <start value="1932-02-22"/>
    </period>
  </address>
</Organization>