<?xml version="1.0" encoding="UTF-8"?>

<Practitioner xmlns="http://hl7.org/fhir">
  <id value="plannet-practitioner-1232506780"/>
  <meta>
    <versionId value="1"/>
    <profile value="http://hl7.org/fhir/us/davinci-pdex-plan-net/StructureDefinition/plannet-Practitioner"/>
  </meta>
  <text>
    <status value="generated"/><div xmlns="http://www.w3.org/1999/xhtml"><p><b>Generated Narrative with Details</b></p><p><b>id</b>: plannet-practitioner-1232506780</p><p><b>meta</b>: </p><p><b>identifier</b>: NPI = 1232506780 (OFFICIAL)</p><p><b>active</b>: true</p><p><b>name</b>: Lenora Lucila Schneider (OFFICIAL)</p><p><b>telecom</b>: ph: 760-016-9012 x925(WORK), fax: (254) 222-2047 x42329(WORK)</p><p><b>address</b>: 141 DURHAM RD, STE 20, MADISON, CT 064432657(WORK)</p><p><b>gender</b>: female</p><h3>Qualifications</h3><table class="grid"><tr><td>-</td><td><b>Extension</b></td><td><b>Identifier</b></td><td><b>Code</b></td><td><b>Period</b></td><td><b>Issuer</b></td></tr><tr><td>*</td><td/><td>Medical License Number = 7660 (OFFICIAL)</td><td>General Practice <span style="background: LightGoldenRodYellow">(Details : {http://nucc.org/provider-taxonomy code '1223G0001X' = 'General Practice', given as 'General Practice'})</span></td><td>Apr 4, 2017 12:00:00 AM --&gt; Apr 4, 2020 12:00:00 AM</td><td>Connecticut Medical Examining Board</td></tr></table><p><b>communication</b>: English <span style="background: LightGoldenRodYellow">(Details : {urn:ietf:bcp:47 code 'en' = 'English', given as 'English'})</span></p></div>
  </text>
  <identifier>
    <use value="official"/>
    <type>
      <coding>
        <system value="http://terminology.hl7.org/CodeSystem/v2-0203"/>
        <code value="PRN"/>
        <display value="Provider number"/>
        <userSelected value="true"/>
      </coding>
      <text value="NPI"/>
    </type>
    <system value="http://hl7.org/fhir/sid/us-npi"/>
    <value value="1232506780"/>
    <assigner>
      <display value="CMS"/>
    </assigner>
  </identifier>
  <active value="true"/>
  <name>
    <use value="official"/>
    <family value="Schneider"/>
    <given value="Lenora"/>
    <given value="Lucila"/>
    <prefix value="Dr."/>
    <suffix value="DDS"/>
  </name>
  <telecom>
    <system value="phone"/>
    <value value="760-016-9012 x925"/>
    <use value="work"/>
  </telecom>
  <telecom>
    <system value="fax"/>
    <value value="(254) 222-2047 x42329"/>
    <use value="work"/>
  </telecom>
  <address>
    <extension url="http://hl7.org/fhir/StructureDefinition/geolocation">
      <extension url="latitude">
        <valueDecimal value="41.288788"/>
      </extension>
      <extension url="longitude">
        <valueDecimal value="-72.60234"/>
      </extension>
    </extension>
    <use value="work"/>
    <type value="both"/>
    <text value="141 DURHAM RD, STE 20, MADISON, CT 064432657"/>
    <line value="141 DURHAM RD"/>
    <line value="STE 20"/>
    <city value="MADISON"/>
    <state value="CT"/>
    <postalCode value="064432657"/>
    <country value="USA"/>
  </address>
  <gender value="female"/>
  <qualification>
    <extension url="http://hl7.org/fhir/uv/vhdir/StructureDefinition/practitioner-qualification">
      <extension url="status">
        <valueCoding>
          <system value="http://hl7.org/fhir/resource-status"/>
          <code value="active"/>
          <display value="active"/>
        </valueCoding>
      </extension>
      <extension url="whereValid">
        <valueCodeableConcept>
          <coding>
            <system value="https://www.usps.com"/>
            <code value="CT"/>
            <display value="Connecticut"/>
            <userSelected value="true"/>
          </coding>
          <text value="Connecticut"/>
        </valueCodeableConcept>
      </extension>
    </extension>
    <identifier>
      <use value="official"/>
      <type>
        <coding>
          <system value="http://terminology.hl7.org/CodeSystem/v2-0203"/>
          <code value="MD"/>
          <display value="Medical License Number"/>
        </coding>
        <text value="Medical License Number"/>
      </type>
      <system value="https://ct.gov/DPH"/>
      <value value="7660"/>
      <assigner>
        <display value="Connecticut Medical Examining Board"/>
      </assigner>
    </identifier>
    <code>
      <coding>
        <system value="http://nucc.org/provider-taxonomy"/>
        <code value="1223G0001X"/>
        <display value="General Practice"/>
      </coding>
      <text value="General Practice"/>
    </code>
    <period>
      <start value="2017-04-04"/>
      <end value="2020-04-04"/>
    </period>
    <issuer>
      <display value="Connecticut Medical Examining Board"/>
    </issuer>
  </qualification>
  <communication>
    <extension url="http://hl7.org/fhir/uv/vhdir/StructureDefinition/communication-proficiency">
      <valueCodeableConcept>
        <coding>
          <system value="http://hl7.org/fhir/uv/vhdir/CodeSystem/languageproficiency"/>
          <code value="50"/>
          <display value="Functional native proficiency"/>
        </coding>
        <text value="Functional native proficiency"/>
      </valueCodeableConcept>
    </extension>
    <coding>
      <system value="urn:ietf:bcp:47"/>
      <code value="en"/>
      <display value="English"/>
    </coding>
    <text value="English"/>
  </communication>
</Practitioner>