<?xml version="1.0" encoding="UTF-8"?>

<PractitionerRole xmlns="http://hl7.org/fhir">
  <id value="plannet-practitionerrole-1232506780"/>
  <meta>
    <profile value="http://hl7.org/fhir/us/davinci-pdex-plan-net/StructureDefinition/plannet-PractitionerRole"/>
  </meta>
  <text>
    <status value="generated"/><div xmlns="http://www.w3.org/1999/xhtml"><p><b>Generated Narrative with Details</b></p><p><b>id</b>: plannet-practitionerrole-1232506780</p><p><b>meta</b>: </p><p><b>identifier</b>: Hospital ID = 31abd99a297c7a (SECONDARY)</p><p><b>active</b>: true</p><p><b>practitioner</b>: <a href="{{[type]}}-{{[id]}}.html">Evangeline Hamill. Generated Summary: id: plannet-practitioner-1232506780; NPI = 1232506780 (OFFICIAL); active; Lenora Lucila Schneider (OFFICIAL); ph: 760-016-9012 x925(WORK), fax: (254) 222-2047 x42329(WORK); gender: female; <span title="Codes: {urn:ietf:bcp:47 en}">English</span></a></p><p><b>organization</b>: <a href="Organization/plannet-organization-1232006923">LIFEBRIDGE COMMUNITY SERVICES, INC.</a></p><p><b>code</b>: General Practice <span style="background: LightGoldenRodYellow">(Details : {http://nucc.org/provider-taxonomy code '1223G0001X' = 'General Practice', given as 'General Practice'})</span></p><p><b>specialty</b>: General Practice <span style="background: LightGoldenRodYellow">(Details : {http://nucc.org/provider-taxonomy code '1223G0001X' = 'General Practice', given as 'General Practice'})</span></p><p><b>location</b>: <a href="Location/plannet-location-1232006923">LIFEBRIDGE COMMUNITY SERVICES, INC.</a></p><p><b>telecom</b>: ph: 896-698-3470 x81697(WORK), fax: 340-362-9078(WORK)</p><h3>AvailableTimes</h3><table class="grid"><tr><td>-</td><td><b>DaysOfWeek</b></td><td><b>AvailableStartTime</b></td><td><b>AvailableEndTime</b></td></tr><tr><td>*</td><td>mon</td><td/><td/></tr></table></div>
  </text>
  <extension url="http://hl7.org/fhir/us/davinci-pdex-plan-net/StructureDefinition/network-reference">
    <valueReference>
      <reference value="Organization/plannet-network-HPID130000"/>
      <display value="United Technologies Preferred Provider Network"/>
    </valueReference>
  </extension>
  <identifier>
    <extension url="http://hl7.org/fhir/uv/vhdir/StructureDefinition/identifier-status">
      <valueCode value="active"/>
    </extension>
    <use value="secondary"/>
    <type>
      <coding>
        <system value="http://terminology.hl7.org/CodeSystem/v2-0203"/>
        <code value="PRN"/>
        <display value="Provider Number"/>
      </coding>
      <text value="Hospital ID"/>
    </type>
    <system value="https://lifebridge-community-services-inc.com"/>
    <value value="31abd99a297c7a"/>
  </identifier>
  <active value="true"/>
  <practitioner>
    <reference value="Practitioner/plannet-practitioner-1232506780"/>
    <display value="Evangeline Hamill"/>
  </practitioner>
  <organization>
    <reference value="Organization/plannet-organization-1232006923"/>
    <display value="LIFEBRIDGE COMMUNITY SERVICES, INC."/>
  </organization>
  <code>
    <coding>
      <system value="http://nucc.org/provider-taxonomy"/>
      <code value="1223G0001X"/>
      <display value="General Practice"/>
    </coding>
    <text value="General Practice"/>
  </code>
  <specialty>
    <coding>
      <system value="http://nucc.org/provider-taxonomy"/>
      <code value="1223G0001X"/>
      <display value="General Practice"/>
    </coding>
    <text value="General Practice"/>
  </specialty>
  <location>
    <reference value="Location/plannet-location-1232006923"/>
    <display value="LIFEBRIDGE COMMUNITY SERVICES, INC."/>
  </location>
  <telecom>
    <system value="phone"/>
    <value value="896-698-3470 x81697"/>
    <use value="work"/>
  </telecom>
  <telecom>
    <system value="fax"/>
    <value value="340-362-9078"/>
    <use value="work"/>
  </telecom>
  <availableTime>
    <daysOfWeek value="mon"/>
    <daysOfWeek value="tue"/>
    <daysOfWeek value="wed"/>
    <daysOfWeek value="thu"/>
    <availableStartTime value="09:00:00"/>
    <availableEndTime value="12:00:00"/>
  </availableTime>
</PractitionerRole>