<?xml version="1.0" encoding="UTF-8"?>

<SearchParameter xmlns="http://hl7.org/fhir">
  <id value="organization-address-city"/>
  <text>
    <status value="generated"/><div xmlns="http://www.w3.org/1999/xhtml"><p><b>Generated Narrative with Details</b></p><p><b>id</b>: organization-address-city</p><p><b>url</b>: <a href="http://hl7.org/fhir/us/davinci-pdex-plan-net/SearchParameter/organization-address-city">http://hl7.org/fhir/us/davinci-pdex-plan-net/SearchParameter/organization-address-city</a></p><p><b>version</b>: 0.1.0</p><p><b>name</b>: Plannet_sp_organization_address_city</p><p><b>derivedFrom</b>: <a href="http://hl7.org/fhir/SearchParameter/Organization-address-city">http://hl7.org/fhir/SearchParameter/Organization-address-city</a></p><p><b>status</b>: active</p><p><b>date</b>: May 22, 2018 8:00:00 PM</p><p><b>publisher</b>: HL7 Financial Management Working Group</p><p><b>contact</b>: </p><p><b>description</b>: Select organizations with an address in the specified city</p><p><b>code</b>: address-city</p><p><b>base</b>: Organization</p><p><b>type</b>: string</p><p><b>expression</b>: Organization.address.city</p><p><b>multipleOr</b>: true</p><p><b>multipleAnd</b>: true</p><p><b>modifier</b>: exact</p></div>
  </text>
  <url value="http://hl7.org/fhir/us/davinci-pdex-plan-net/SearchParameter/organization-address-city"/>
  <version value="0.1.0"/>
  <name value="Plannet_sp_organization_address_city"/>
  <derivedFrom value="http://hl7.org/fhir/SearchParameter/Organization-address-city"/>
  <status value="active"/>
  <date value="2018-05-22T20:00:00-04:00"/>
  <publisher value="HL7 Financial Management Working Group"/>
  <contact>
    <name value="HL7 Financial Management Working Group"/>
    <telecom>
      <system value="url"/>
      <value value="http://www.hl7.org/Special/committees/fm/index.cfm"/>
    </telecom>
    <telecom>
      <system value="email"/>
      <value value="fm@lists.HL7.org"/>
    </telecom>
  </contact>
  <description value="Select organizations with an address in the specified city"/>
  <code value="address-city"/>
  <base value="Organization"/>
  <type value="string"/>
  <expression value="Organization.address.city"/>
  <multipleOr value="true"/>
  <multipleAnd value="true"/>
  <modifier value="exact"/>
</SearchParameter>