<?xml version="1.0" encoding="UTF-8"?>

<SearchParameter xmlns="http://hl7.org/fhir">
  <id value="organization-partof"/>
  <text>
    <status value="generated"/><div xmlns="http://www.w3.org/1999/xhtml"><p><b>Generated Narrative with Details</b></p><p><b>id</b>: organization-partof</p><p><b>url</b>: <a href="http://hl7.org/fhir/us/davinci-pdex-plan-net/SearchParameter/organization-partof">http://hl7.org/fhir/us/davinci-pdex-plan-net/SearchParameter/organization-partof</a></p><p><b>version</b>: 0.1.0</p><p><b>name</b>: Plannet_sp_organization_partof</p><p><b>derivedFrom</b>: <a href="http://hl7.org/fhir/SearchParameter/Organization-partof">http://hl7.org/fhir/SearchParameter/Organization-partof</a></p><p><b>status</b>: active</p><p><b>date</b>: May 22, 2018 8:00:00 PM</p><p><b>publisher</b>: Saul Kravitz</p><p><b>contact</b>: </p><p><b>description</b>: Select Organizations that are part of the specified organization</p><p><b>code</b>: partof</p><p><b>base</b>: Organization</p><p><b>type</b>: reference</p><p><b>expression</b>: Organization.partOf</p><p><b>target</b>: Organization</p><p><b>multipleOr</b>: true</p><p><b>multipleAnd</b>: true</p><p><b>modifier</b>: above, below</p><p><b>chain</b>: identifier, name, address, type</p></div>
  </text>
  <url value="http://hl7.org/fhir/us/davinci-pdex-plan-net/SearchParameter/organization-partof"/>
  <version value="0.1.0"/>
  <name value="Plannet_sp_organization_partof"/>
  <derivedFrom value="http://hl7.org/fhir/SearchParameter/Organization-partof"/>
  <status value="active"/>
  <date value="2018-05-22T20:00:00-04:00"/>
  <publisher value="Saul Kravitz"/>
  <contact>
    <name value="Saul Kravitz"/>
    <telecom>
      <system value="email"/>
      <value value="saul@mitre.org"/>
    </telecom>
  </contact>
  <description value="Select Organizations that are part of the specified organization"/>
  <code value="partof"/>
  <base value="Organization"/>
  <type value="reference"/>
  <expression value="Organization.partOf"/>
  <target value="Organization"/>
  <multipleOr value="true"/>
  <multipleAnd value="true"/>
  <modifier value="above"/>
  <modifier value="below"/>
  <chain value="identifier"/>
  <chain value="name"/>
  <chain value="address"/>
  <chain value="type"/>
</SearchParameter>