<?xml version="1.0" encoding="UTF-8"?>

<SearchParameter xmlns="http://hl7.org/fhir">
  <id value="practitionerrole-qualification-issuer"/>
  <text>
    <status value="generated"/><div xmlns="http://www.w3.org/1999/xhtml"><p><b>Generated Narrative with Details</b></p><p><b>id</b>: practitionerrole-qualification-issuer</p><p><b>url</b>: <a href="http://hl7.org/fhir/us/davinci-pdex-plan-net/SearchParameter/practitionerrole-qualification-issuer">http://hl7.org/fhir/us/davinci-pdex-plan-net/SearchParameter/practitionerrole-qualification-issuer</a></p><p><b>version</b>: 0.1.0</p><p><b>name</b>: Plannet_sp_practitionerrole_qualification_issuer</p><p><b>status</b>: active</p><p><b>date</b>: May 22, 2018 8:00:00 PM</p><p><b>publisher</b>: HL7 Financial Management Working Group</p><p><b>contact</b>: </p><p><b>description</b>: Select PractitionerRoles with a qualification issued by the specified organization</p><p><b>code</b>: qualification-issuer</p><p><b>base</b>: PractitionerRole</p><p><b>type</b>: reference</p><p><b>expression</b>: PractitionerRole.extension.where(url='http://hl7.org/fhir/uv/vhdir/StructureDefinition/qualification').extension.where(url='issuer')</p><p><b>target</b>: Organization</p><p><b>multipleOr</b>: true</p><p><b>multipleAnd</b>: true</p><p><b>modifier</b>: below</p><p><b>chain</b>: identifier, name</p></div>
  </text>
  <url value="http://hl7.org/fhir/us/davinci-pdex-plan-net/SearchParameter/practitionerrole-qualification-issuer"/>
  <version value="0.1.0"/>
  <name value="Plannet_sp_practitionerrole_qualification_issuer"/>
  <status value="active"/>
  <date value="2018-05-22T20:00:00-04:00"/>
  <publisher value="HL7 Financial Management Working Group"/>
  <contact>
    <name value="HL7 Financial Management Working Group"/>
    <telecom>
      <system value="url"/>
      <value value="http://www.hl7.org/Special/committees/fm/index.cfm"/>
    </telecom>
    <telecom>
      <system value="email"/>
      <value value="fm@lists.HL7.org"/>
    </telecom>
  </contact>
  <description value="Select PractitionerRoles with a qualification issued by the specified organization"/>
  <code value="qualification-issuer"/>
  <base value="PractitionerRole"/>
  <type value="reference"/>
  <expression value="PractitionerRole.extension.where(url=&#39;http://hl7.org/fhir/uv/vhdir/StructureDefinition/qualification&#39;).extension.where(url=&#39;issuer&#39;)"/>
  <target value="Organization"/>
  <multipleOr value="true"/>
  <multipleAnd value="true"/>
  <modifier value="below"/>
  <chain value="identifier"/>
  <chain value="name"/>
</SearchParameter>