<?xml version="1.0" encoding="UTF-8"?>

<SearchParameter xmlns="http://hl7.org/fhir">
  <id value="endpoint-connection-type"/>
  <text>
    <status value="generated"/><div xmlns="http://www.w3.org/1999/xhtml"><p><b>Generated Narrative with Details</b></p><p><b>id</b>: endpoint-connection-type</p><p><b>url</b>: <a href="http://hl7.org/fhir/us/davinci-pdex-plan-net/SearchParameter/endpoint-connection-type">http://hl7.org/fhir/us/davinci-pdex-plan-net/SearchParameter/endpoint-connection-type</a></p><p><b>version</b>: 0.1.0</p><p><b>name</b>: Plannet_sp_endpoint_connection_type</p><p><b>derivedFrom</b>: <a href="http://hl7.org/fhir/SearchParameter/Endpoint-connection-type">http://hl7.org/fhir/SearchParameter/Endpoint-connection-type</a></p><p><b>status</b>: active</p><p><b>date</b>: May 22, 2018 8:00:00 PM</p><p><b>publisher</b>: HL7 Financial Management Working Group</p><p><b>contact</b>: </p><p><b>description</b>: Select Endpoints that support the specified protocol/profile/standard</p><p><b>code</b>: connection-type</p><p><b>base</b>: Endpoint</p><p><b>type</b>: token</p><p><b>expression</b>: Endpoint.connectionType</p><p><b>multipleOr</b>: true</p><p><b>multipleAnd</b>: true</p><p><b>modifier</b>: text</p></div>
  </text>
  <url value="http://hl7.org/fhir/us/davinci-pdex-plan-net/SearchParameter/endpoint-connection-type"/>
  <version value="0.1.0"/>
  <name value="Plannet_sp_endpoint_connection_type"/>
  <derivedFrom value="http://hl7.org/fhir/SearchParameter/Endpoint-connection-type"/>
  <status value="active"/>
  <date value="2018-05-22T20:00:00-04:00"/>
  <publisher value="HL7 Financial Management Working Group"/>
  <contact>
    <name value="HL7 Financial Management Working Group"/>
    <telecom>
      <system value="url"/>
      <value value="http://www.hl7.org/Special/committees/fm/index.cfm"/>
    </telecom>
    <telecom>
      <system value="email"/>
      <value value="fm@lists.HL7.org"/>
    </telecom>
  </contact>
  <description value="Select Endpoints that support the specified protocol/profile/standard"/>
  <code value="connection-type"/>
  <base value="Endpoint"/>
  <type value="token"/>
  <expression value="Endpoint.connectionType"/>
  <multipleOr value="true"/>
  <multipleAnd value="true"/>
  <modifier value="text"/>
</SearchParameter>