<?xml version="1.0" encoding="UTF-8"?>

<SearchParameter xmlns="http://hl7.org/fhir">
  <id value="practitioner-qualification-wherevalid-location"/>
  <text>
    <status value="generated"/><div xmlns="http://www.w3.org/1999/xhtml"><p><b>Generated Narrative with Details</b></p><p><b>id</b>: practitioner-qualification-wherevalid-location</p><p><b>url</b>: <a href="http://hl7.org/fhir/us/davinci-pdex-plan-net/SearchParameter/practitioner-qualification-wherevalid-location">http://hl7.org/fhir/us/davinci-pdex-plan-net/SearchParameter/practitioner-qualification-wherevalid-location</a></p><p><b>version</b>: 0.1.0</p><p><b>name</b>: Plannet_sp_practitioner_qualification_wherevalid_location</p><p><b>status</b>: active</p><p><b>date</b>: May 22, 2018 8:00:00 PM</p><p><b>publisher</b>: HL7 Financial Management Working Group</p><p><b>contact</b>: </p><p><b>description</b>: Select Practitioners with a qualification that is valid at the specified location</p><p><b>code</b>: qualification-wherevalid-location</p><p><b>base</b>: Practitioner</p><p><b>type</b>: reference</p><p><b>expression</b>: Practitioner.qualification.extension.where(url='http://hl7.org/fhir/uv/vhdir/StructureDefinition/practitioner-qualification').extension.where(url='whereValid').as(Reference)</p><p><b>target</b>: Location</p><p><b>multipleOr</b>: true</p><p><b>multipleAnd</b>: true</p><p><b>modifier</b>: above, below</p><p><b>chain</b>: identifier, address, organization</p></div>
  </text>
  <url value="http://hl7.org/fhir/us/davinci-pdex-plan-net/SearchParameter/practitioner-qualification-wherevalid-location"/>
  <version value="0.1.0"/>
  <name value="Plannet_sp_practitioner_qualification_wherevalid_location"/>
  <status value="active"/>
  <date value="2018-05-22T20:00:00-04:00"/>
  <publisher value="HL7 Financial Management Working Group"/>
  <contact>
    <name value="HL7 Financial Management Working Group"/>
    <telecom>
      <system value="url"/>
      <value value="http://www.hl7.org/Special/committees/fm/index.cfm"/>
    </telecom>
    <telecom>
      <system value="email"/>
      <value value="fm@lists.HL7.org"/>
    </telecom>
  </contact>
  <description value="Select Practitioners with a qualification that is valid at the specified location"/>
  <code value="qualification-wherevalid-location"/>
  <base value="Practitioner"/>
  <type value="reference"/>
  <expression value="Practitioner.qualification.extension.where(url=&#39;http://hl7.org/fhir/uv/vhdir/StructureDefinition/practitioner-qualification&#39;).extension.where(url=&#39;whereValid&#39;).as(Reference)"/>
  <target value="Location"/>
  <multipleOr value="true"/>
  <multipleAnd value="true"/>
  <modifier value="above"/>
  <modifier value="below"/>
  <chain value="identifier"/>
  <chain value="address"/>
  <chain value="organization"/>
</SearchParameter>