<?xml version="1.0" encoding="UTF-8"?>

<SearchParameter xmlns="http://hl7.org/fhir">
  <id value="insuranceplan-type"/>
  <text>
    <status value="generated"/><div xmlns="http://www.w3.org/1999/xhtml"><p><b>Generated Narrative with Details</b></p><p><b>id</b>: insuranceplan-type</p><p><b>url</b>: <a href="http://hl7.org/fhir/us/davinci-pdex-plan-net/SearchParameter/insuranceplan-type">http://hl7.org/fhir/us/davinci-pdex-plan-net/SearchParameter/insuranceplan-type</a></p><p><b>version</b>: 0.1.0</p><p><b>name</b>: Plannet_sp_insuranceplan_type</p><p><b>derivedFrom</b>: <a href="http://hl7.org/fhir/SearchParameter/InsurancePlan-type">http://hl7.org/fhir/SearchParameter/InsurancePlan-type</a></p><p><b>status</b>: active</p><p><b>date</b>: May 22, 2018 8:00:00 PM</p><p><b>publisher</b>: Saul Kravitz</p><p><b>contact</b>: </p><p><b>description</b>: Select insurance plans of the specified type</p><p><b>code</b>: type</p><p><b>base</b>: InsurancePlan</p><p><b>type</b>: token</p><p><b>expression</b>: InsurancePlan.type</p><p><b>multipleOr</b>: true</p><p><b>multipleAnd</b>: true</p><p><b>modifier</b>: text</p></div>
  </text>
  <url value="http://hl7.org/fhir/us/davinci-pdex-plan-net/SearchParameter/insuranceplan-type"/>
  <version value="0.1.0"/>
  <name value="Plannet_sp_insuranceplan_type"/>
  <derivedFrom value="http://hl7.org/fhir/SearchParameter/InsurancePlan-type"/>
  <status value="active"/>
  <date value="2018-05-22T20:00:00-04:00"/>
  <publisher value="Saul Kravitz"/>
  <contact>
    <name value="Saul Kravitz"/>
    <telecom>
      <system value="email"/>
      <value value="saul@mitre.org"/>
    </telecom>
  </contact>
  <description value="Select insurance plans of the specified type"/>
  <code value="type"/>
  <base value="InsurancePlan"/>
  <type value="token"/>
  <expression value="InsurancePlan.type"/>
  <multipleOr value="true"/>
  <multipleAnd value="true"/>
  <modifier value="text"/>
</SearchParameter>