<?xml version="1.0" encoding="UTF-8"?>

<SearchParameter xmlns="http://hl7.org/fhir">
  <id value="practitionerrole-practitioner"/>
  <text>
    <status value="generated"/><div xmlns="http://www.w3.org/1999/xhtml"><p><b>Generated Narrative with Details</b></p><p><b>id</b>: practitionerrole-practitioner</p><p><b>url</b>: <a href="http://hl7.org/fhir/us/davinci-pdex-plan-net/SearchParameter/practitionerrole-practitioner">http://hl7.org/fhir/us/davinci-pdex-plan-net/SearchParameter/practitionerrole-practitioner</a></p><p><b>version</b>: 0.1.0</p><p><b>name</b>: Plannet_sp_practitionerrole_practitioner</p><p><b>derivedFrom</b>: <a href="http://hl7.org/fhir/SearchParameter/PractitionerRole-practitioner">http://hl7.org/fhir/SearchParameter/PractitionerRole-practitioner</a></p><p><b>status</b>: active</p><p><b>date</b>: May 22, 2018 8:00:00 PM</p><p><b>publisher</b>: Saul Kravitz</p><p><b>contact</b>: </p><p><b>description</b>: Select roles filled by the specified practitioner</p><p><b>code</b>: practitioner</p><p><b>base</b>: PractitionerRole</p><p><b>type</b>: reference</p><p><b>expression</b>: PractitionerRole.practitioner</p><p><b>target</b>: Practitioner</p><p><b>multipleOr</b>: true</p><p><b>multipleAnd</b>: true</p><p><b>chain</b>: identifier, name</p></div>
  </text>
  <url value="http://hl7.org/fhir/us/davinci-pdex-plan-net/SearchParameter/practitionerrole-practitioner"/>
  <version value="0.1.0"/>
  <name value="Plannet_sp_practitionerrole_practitioner"/>
  <derivedFrom value="http://hl7.org/fhir/SearchParameter/PractitionerRole-practitioner"/>
  <status value="active"/>
  <date value="2018-05-22T20:00:00-04:00"/>
  <publisher value="Saul Kravitz"/>
  <contact>
    <name value="Saul Kravitz"/>
    <telecom>
      <system value="email"/>
      <value value="saul@mitre.org"/>
    </telecom>
  </contact>
  <description value="Select roles filled by the specified practitioner"/>
  <code value="practitioner"/>
  <base value="PractitionerRole"/>
  <type value="reference"/>
  <expression value="PractitionerRole.practitioner"/>
  <target value="Practitioner"/>
  <multipleOr value="true"/>
  <multipleAnd value="true"/>
  <chain value="identifier"/>
  <chain value="name"/>
</SearchParameter>