<?xml version="1.0" encoding="UTF-8"?>

<SearchParameter xmlns="http://hl7.org/fhir">
  <id value="practitionerrole-service"/>
  <text>
    <status value="generated"/><div xmlns="http://www.w3.org/1999/xhtml"><p><b>Generated Narrative with Details</b></p><p><b>id</b>: practitionerrole-service</p><p><b>url</b>: <a href="http://hl7.org/fhir/us/davinci-pdex-plan-net/SearchParameter/practitionerrole-service">http://hl7.org/fhir/us/davinci-pdex-plan-net/SearchParameter/practitionerrole-service</a></p><p><b>version</b>: 0.1.0</p><p><b>name</b>: Plannet_sp_practitionerrole_service</p><p><b>derivedFrom</b>: <a href="http://hl7.org/fhir/SearchParameter/PractitionerRole-service">http://hl7.org/fhir/SearchParameter/PractitionerRole-service</a></p><p><b>status</b>: active</p><p><b>date</b>: May 22, 2018 8:00:00 PM</p><p><b>publisher</b>: HL7 Financial Management Working Group</p><p><b>contact</b>: </p><p><b>description</b>: Select PractitionerRoles providing the specified service</p><p><b>code</b>: service</p><p><b>base</b>: PractitionerRole</p><p><b>type</b>: reference</p><p><b>expression</b>: PractitionerRole.healthcareService</p><p><b>target</b>: HealthcareService</p><p><b>multipleOr</b>: true</p><p><b>multipleAnd</b>: true</p><p><b>chain</b>: identifier, service-category, organization, location</p></div>
  </text>
  <url value="http://hl7.org/fhir/us/davinci-pdex-plan-net/SearchParameter/practitionerrole-service"/>
  <version value="0.1.0"/>
  <name value="Plannet_sp_practitionerrole_service"/>
  <derivedFrom value="http://hl7.org/fhir/SearchParameter/PractitionerRole-service"/>
  <status value="active"/>
  <date value="2018-05-22T20:00:00-04:00"/>
  <publisher value="HL7 Financial Management Working Group"/>
  <contact>
    <name value="HL7 Financial Management Working Group"/>
    <telecom>
      <system value="url"/>
      <value value="http://www.hl7.org/Special/committees/fm/index.cfm"/>
    </telecom>
    <telecom>
      <system value="email"/>
      <value value="fm@lists.HL7.org"/>
    </telecom>
  </contact>
  <description value="Select PractitionerRoles providing the specified service"/>
  <code value="service"/>
  <base value="PractitionerRole"/>
  <type value="reference"/>
  <expression value="PractitionerRole.healthcareService"/>
  <target value="HealthcareService"/>
  <multipleOr value="true"/>
  <multipleAnd value="true"/>
  <chain value="identifier"/>
  <chain value="service-category"/>
  <chain value="organization"/>
  <chain value="location"/>
</SearchParameter>