<?xml version="1.0" encoding="UTF-8"?>

<SearchParameter xmlns="http://hl7.org/fhir">
  <id value="organization-qualification-issuer"/>
  <text>
    <status value="generated"/><div xmlns="http://www.w3.org/1999/xhtml"><p><b>Generated Narrative with Details</b></p><p><b>id</b>: organization-qualification-issuer</p><p><b>url</b>: <a href="http://hl7.org/fhir/us/davinci-pdex-plan-net/SearchParameter/organization-qualification-issuer">http://hl7.org/fhir/us/davinci-pdex-plan-net/SearchParameter/organization-qualification-issuer</a></p><p><b>version</b>: 0.1.0</p><p><b>name</b>: Plannet_sp_organization_qualification_issuer</p><p><b>status</b>: active</p><p><b>date</b>: May 22, 2018 8:00:00 PM</p><p><b>publisher</b>: Saul Kravitz</p><p><b>contact</b>: </p><p><b>description</b>: Select Organizations with a qualification issued by the specified organization</p><p><b>code</b>: qualification-issuer</p><p><b>base</b>: Organization</p><p><b>type</b>: reference</p><p><b>expression</b>: Organization.extension.where(url='http://hl7.org/fhir/uv/vhdir/StructureDefinition/qualification').extension.where(url='issuer')</p><p><b>target</b>: Organization</p><p><b>multipleOr</b>: true</p><p><b>multipleAnd</b>: true</p><p><b>modifier</b>: below</p><p><b>chain</b>: identifier, name</p></div>
  </text>
  <url value="http://hl7.org/fhir/us/davinci-pdex-plan-net/SearchParameter/organization-qualification-issuer"/>
  <version value="0.1.0"/>
  <name value="Plannet_sp_organization_qualification_issuer"/>
  <status value="active"/>
  <date value="2018-05-22T20:00:00-04:00"/>
  <publisher value="Saul Kravitz"/>
  <contact>
    <name value="Saul Kravitz"/>
    <telecom>
      <system value="email"/>
      <value value="saul@mitre.org"/>
    </telecom>
  </contact>
  <description value="Select Organizations with a qualification issued by the specified organization"/>
  <code value="qualification-issuer"/>
  <base value="Organization"/>
  <type value="reference"/>
  <expression value="Organization.extension.where(url=&#39;http://hl7.org/fhir/uv/vhdir/StructureDefinition/qualification&#39;).extension.where(url=&#39;issuer&#39;)"/>
  <target value="Organization"/>
  <multipleOr value="true"/>
  <multipleAnd value="true"/>
  <modifier value="below"/>
  <chain value="identifier"/>
  <chain value="name"/>
</SearchParameter>