<?xml version="1.0" encoding="UTF-8"?>

<SearchParameter xmlns="http://hl7.org/fhir">
  <id value="location-contains"/>
  <text>
    <status value="generated"/><div xmlns="http://www.w3.org/1999/xhtml"><p><b>Generated Narrative with Details</b></p><p><b>id</b>: location-contains</p><p><b>url</b>: <a href="http://hl7.org/fhir/us/davinci-pdex-plan-net/SearchParameter/location-contains">http://hl7.org/fhir/us/davinci-pdex-plan-net/SearchParameter/location-contains</a></p><p><b>version</b>: 0.1.0</p><p><b>name</b>: Plannet_sp_location_contains</p><p><b>status</b>: active</p><p><b>date</b>: Aug 18, 2018 8:00:00 PM</p><p><b>publisher</b>: Saul Kravitz</p><p><b>contact</b>: </p><p><b>description</b>: Select locations that contain the specified co-ordinates</p><p><b>code</b>: contains</p><p><b>base</b>: Location</p><p><b>type</b>: special</p><p><b>expression</b>: Location.extension.where(url='http://hl7.org/fhir/StructureDefinition/location-boundary-geojson')</p><p><b>multipleOr</b>: true</p><p><b>multipleAnd</b>: true</p></div>
  </text>
  <url value="http://hl7.org/fhir/us/davinci-pdex-plan-net/SearchParameter/location-contains"/>
  <version value="0.1.0"/>
  <name value="Plannet_sp_location_contains"/>
  <status value="active"/>
  <date value="2018-08-18T20:00:00-04:00"/>
  <publisher value="Saul Kravitz"/>
  <contact>
    <name value="Saul Kravitz"/>
    <telecom>
      <system value="email"/>
      <value value="saul@mitre.org"/>
    </telecom>
  </contact>
  <description value="Select locations that contain the specified co-ordinates"/>
  <code value="contains"/>
  <base value="Location"/>
  <type value="special"/>
  <expression value="Location.extension.where(url=&#39;http://hl7.org/fhir/StructureDefinition/location-boundary-geojson&#39;)"/>
  <multipleOr value="true"/>
  <multipleAnd value="true"/>
</SearchParameter>