<?xml version="1.0" encoding="UTF-8"?>

<SearchParameter xmlns="http://hl7.org/fhir">
  <id value="organizationaffiliation-service"/>
  <text>
    <status value="generated"/><div xmlns="http://www.w3.org/1999/xhtml"><p><b>Generated Narrative with Details</b></p><p><b>id</b>: organizationaffiliation-service</p><p><b>url</b>: <a href="http://hl7.org/fhir/us/davinci-pdex-plan-net/SearchParameter/organizationaffiliation-service">http://hl7.org/fhir/us/davinci-pdex-plan-net/SearchParameter/organizationaffiliation-service</a></p><p><b>version</b>: 0.1.0</p><p><b>name</b>: Plannet_sp_organizationaffiliation_service</p><p><b>derivedFrom</b>: <a href="http://hl7.org/fhir/SearchParameter/OrganizationAffiliation-service">http://hl7.org/fhir/SearchParameter/OrganizationAffiliation-service</a></p><p><b>status</b>: active</p><p><b>date</b>: May 22, 2018 8:00:00 PM</p><p><b>publisher</b>: Saul Kravitz</p><p><b>contact</b>: </p><p><b>description</b>: Select OrganizationAffiliations providing the specified service</p><p><b>code</b>: service</p><p><b>base</b>: OrganizationAffiliation</p><p><b>type</b>: reference</p><p><b>expression</b>: OrganizationAffiliation.healthcareService</p><p><b>target</b>: HealthcareService</p><p><b>multipleOr</b>: true</p><p><b>multipleAnd</b>: true</p><p><b>chain</b>: identifier, service-category, organization, location</p></div>
  </text>
  <url value="http://hl7.org/fhir/us/davinci-pdex-plan-net/SearchParameter/organizationaffiliation-service"/>
  <version value="0.1.0"/>
  <name value="Plannet_sp_organizationaffiliation_service"/>
  <derivedFrom value="http://hl7.org/fhir/SearchParameter/OrganizationAffiliation-service"/>
  <status value="active"/>
  <date value="2018-05-22T20:00:00-04:00"/>
  <publisher value="Saul Kravitz"/>
  <contact>
    <name value="Saul Kravitz"/>
    <telecom>
      <system value="email"/>
      <value value="saul@mitre.org"/>
    </telecom>
  </contact>
  <description value="Select OrganizationAffiliations providing the specified service"/>
  <code value="service"/>
  <base value="OrganizationAffiliation"/>
  <type value="reference"/>
  <expression value="OrganizationAffiliation.healthcareService"/>
  <target value="HealthcareService"/>
  <multipleOr value="true"/>
  <multipleAnd value="true"/>
  <chain value="identifier"/>
  <chain value="service-category"/>
  <chain value="organization"/>
  <chain value="location"/>
</SearchParameter>