<?xml version="1.0" encoding="UTF-8"?>

<SearchParameter xmlns="http://hl7.org/fhir">
  <id value="practitioner-given-name"/>
  <text>
    <status value="generated"/><div xmlns="http://www.w3.org/1999/xhtml"><p><b>Generated Narrative with Details</b></p><p><b>id</b>: practitioner-given-name</p><p><b>url</b>: <a href="http://hl7.org/fhir/us/davinci-pdex-plan-net/SearchParameter/practitioner-given-name">http://hl7.org/fhir/us/davinci-pdex-plan-net/SearchParameter/practitioner-given-name</a></p><p><b>version</b>: 0.1.0</p><p><b>name</b>: Plannet_sp_practitioner_given_name</p><p><b>derivedFrom</b>: <a href="http://hl7.org/fhir/SearchParameter/individual-given">http://hl7.org/fhir/SearchParameter/individual-given</a></p><p><b>status</b>: active</p><p><b>date</b>: May 22, 2018 8:00:00 PM</p><p><b>publisher</b>: Saul Kravitz</p><p><b>contact</b>: </p><p><b>description</b>: Select Practitioners with the specified given name</p><p><b>code</b>: given</p><p><b>base</b>: Practitioner</p><p><b>type</b>: string</p><p><b>expression</b>: Practitioner.name.given</p><p><b>multipleOr</b>: true</p><p><b>multipleAnd</b>: true</p><p><b>modifier</b>: exact</p></div>
  </text>
  <url value="http://hl7.org/fhir/us/davinci-pdex-plan-net/SearchParameter/practitioner-given-name"/>
  <version value="0.1.0"/>
  <name value="Plannet_sp_practitioner_given_name"/>
  <derivedFrom value="http://hl7.org/fhir/SearchParameter/individual-given"/>
  <status value="active"/>
  <date value="2018-05-22T20:00:00-04:00"/>
  <publisher value="Saul Kravitz"/>
  <contact>
    <name value="Saul Kravitz"/>
    <telecom>
      <system value="email"/>
      <value value="saul@mitre.org"/>
    </telecom>
  </contact>
  <description value="Select Practitioners with the specified given name"/>
  <code value="given"/>
  <base value="Practitioner"/>
  <type value="string"/>
  <expression value="Practitioner.name.given"/>
  <multipleOr value="true"/>
  <multipleAnd value="true"/>
  <modifier value="exact"/>
</SearchParameter>