<?xml version="1.0" encoding="UTF-8"?>

<SearchParameter xmlns="http://hl7.org/fhir">
  <id value="endpoint-mime-type"/>
  <text>
    <status value="generated"/><div xmlns="http://www.w3.org/1999/xhtml"><p><b>Generated Narrative with Details</b></p><p><b>id</b>: endpoint-mime-type</p><p><b>url</b>: <a href="http://hl7.org/fhir/us/davinci-pdex-plan-net/SearchParameter/endpoint-mime-type">http://hl7.org/fhir/us/davinci-pdex-plan-net/SearchParameter/endpoint-mime-type</a></p><p><b>version</b>: 0.1.0</p><p><b>name</b>: Plannet_sp_endpoint_mime_type</p><p><b>status</b>: active</p><p><b>date</b>: May 22, 2018 8:00:00 PM</p><p><b>publisher</b>: Saul Kravitz</p><p><b>contact</b>: </p><p><b>description</b>: Select endpoints that support the specified media type</p><p><b>code</b>: mime-type</p><p><b>base</b>: Endpoint</p><p><b>type</b>: token</p><p><b>expression</b>: Endpoint.payloadMimeType</p><p><b>multipleOr</b>: true</p><p><b>multipleAnd</b>: true</p></div>
  </text>
  <url value="http://hl7.org/fhir/us/davinci-pdex-plan-net/SearchParameter/endpoint-mime-type"/>
  <version value="0.1.0"/>
  <name value="Plannet_sp_endpoint_mime_type"/>
  <status value="active"/>
  <date value="2018-05-22T20:00:00-04:00"/>
  <publisher value="Saul Kravitz"/>
  <contact>
    <name value="Saul Kravitz"/>
    <telecom>
      <system value="email"/>
      <value value="saul@mitre.org"/>
    </telecom>
  </contact>
  <description value="Select endpoints that support the specified media type"/>
  <code value="mime-type"/>
  <base value="Endpoint"/>
  <type value="token"/>
  <expression value="Endpoint.payloadMimeType"/>
  <multipleOr value="true"/>
  <multipleAnd value="true"/>
</SearchParameter>