<?xml version="1.0" encoding="UTF-8"?>

<SearchParameter xmlns="http://hl7.org/fhir">
  <id value="organization-coverage-area"/>
  <text>
    <status value="generated"/><div xmlns="http://www.w3.org/1999/xhtml"><p><b>Generated Narrative with Details</b></p><p><b>id</b>: organization-coverage-area</p><p><b>url</b>: <a href="http://hl7.org/fhir/us/davinci-pdex-plan-net/SearchParameter/organization-coverage-area">http://hl7.org/fhir/us/davinci-pdex-plan-net/SearchParameter/organization-coverage-area</a></p><p><b>version</b>: 0.1.0</p><p><b>name</b>: Plannet_sp_network_coverage_area</p><p><b>status</b>: active</p><p><b>date</b>: May 22, 2018 8:00:00 PM</p><p><b>publisher</b>: HL7 Financial Management Working Group</p><p><b>contact</b>: </p><p><b>description</b>: Select health insurance provider networks available in a region described by the specified location</p><p><b>code</b>: coverage-area</p><p><b>base</b>: Organization</p><p><b>type</b>: reference</p><p><b>expression</b>: Organization.extension.where(url='http://hl7.org/fhir/uv/vhdir/StructureDefinition/location-reference')</p><p><b>target</b>: Location</p><p><b>multipleOr</b>: true</p><p><b>multipleAnd</b>: true</p><p><b>chain</b>: identifier, contains</p></div>
  </text>
  <url value="http://hl7.org/fhir/us/davinci-pdex-plan-net/SearchParameter/organization-coverage-area"/>
  <version value="0.1.0"/>
  <name value="Plannet_sp_network_coverage_area"/>
  <status value="active"/>
  <date value="2018-05-22T20:00:00-04:00"/>
  <publisher value="HL7 Financial Management Working Group"/>
  <contact>
    <name value="HL7 Financial Management Working Group"/>
    <telecom>
      <system value="url"/>
      <value value="http://www.hl7.org/Special/committees/fm/index.cfm"/>
    </telecom>
    <telecom>
      <system value="email"/>
      <value value="fm@lists.HL7.org"/>
    </telecom>
  </contact>
  <description value="Select health insurance provider networks available in a region described by the specified location"/>
  <code value="coverage-area"/>
  <base value="Organization"/>
  <type value="reference"/>
  <expression value="Organization.extension.where(url=&#39;http://hl7.org/fhir/uv/vhdir/StructureDefinition/location-reference&#39;)"/>
  <target value="Location"/>
  <multipleOr value="true"/>
  <multipleAnd value="true"/>
  <chain value="identifier"/>
  <chain value="contains"/>
</SearchParameter>