<?xml version="1.0" encoding="UTF-8"?>

<SearchParameter xmlns="http://hl7.org/fhir">
  <id value="location-accessibility"/>
  <text>
    <status value="generated"/><div xmlns="http://www.w3.org/1999/xhtml"><p><b>Generated Narrative with Details</b></p><p><b>id</b>: location-accessibility</p><p><b>url</b>: <a href="http://hl7.org/fhir/us/davinci-pdex-plan-net/SearchParameter/location-accessibility">http://hl7.org/fhir/us/davinci-pdex-plan-net/SearchParameter/location-accessibility</a></p><p><b>version</b>: 0.1.0</p><p><b>name</b>: Plannet_sp_location_accessibility</p><p><b>status</b>: active</p><p><b>date</b>: May 22, 2018 8:00:00 PM</p><p><b>publisher</b>: Saul Kravitz</p><p><b>contact</b>: </p><p><b>description</b>: Select locations that offer the specified accessibility options</p><p><b>code</b>: accessibility</p><p><b>base</b>: Location</p><p><b>type</b>: token</p><p><b>expression</b>: Location.extension.where(url='http://hl7.org/fhir/uv/vhdir/StructureDefinition/accessibility')</p><p><b>multipleOr</b>: true</p><p><b>multipleAnd</b>: true</p><p><b>modifier</b>: text</p></div>
  </text>
  <url value="http://hl7.org/fhir/us/davinci-pdex-plan-net/SearchParameter/location-accessibility"/>
  <version value="0.1.0"/>
  <name value="Plannet_sp_location_accessibility"/>
  <status value="active"/>
  <date value="2018-05-22T20:00:00-04:00"/>
  <publisher value="Saul Kravitz"/>
  <contact>
    <name value="Saul Kravitz"/>
    <telecom>
      <system value="email"/>
      <value value="saul@mitre.org"/>
    </telecom>
  </contact>
  <description value="Select locations that offer the specified accessibility options"/>
  <code value="accessibility"/>
  <base value="Location"/>
  <type value="token"/>
  <expression value="Location.extension.where(url=&#39;http://hl7.org/fhir/uv/vhdir/StructureDefinition/accessibility&#39;)"/>
  <multipleOr value="true"/>
  <multipleAnd value="true"/>
  <modifier value="text"/>
</SearchParameter>