<?xml version="1.0" encoding="UTF-8"?>

<SearchParameter xmlns="http://hl7.org/fhir">
  <id value="organization-address-postalcode"/>
  <text>
    <status value="generated"/><div xmlns="http://www.w3.org/1999/xhtml"><p><b>Generated Narrative with Details</b></p><p><b>id</b>: organization-address-postalcode</p><p><b>url</b>: <a href="http://hl7.org/fhir/us/davinci-pdex-plan-net/SearchParameter/organization-address-postalcode">http://hl7.org/fhir/us/davinci-pdex-plan-net/SearchParameter/organization-address-postalcode</a></p><p><b>version</b>: 0.1.0</p><p><b>name</b>: Plannet_sp_organization_address_postalcode</p><p><b>derivedFrom</b>: <a href="http://hl7.org/fhir/SearchParameter/Organization-address-postalcode">http://hl7.org/fhir/SearchParameter/Organization-address-postalcode</a></p><p><b>status</b>: active</p><p><b>date</b>: May 22, 2018 8:00:00 PM</p><p><b>publisher</b>: Saul Kravitz</p><p><b>contact</b>: </p><p><b>description</b>: Select organizations with an address with the specified postal code</p><p><b>code</b>: address-postalcode</p><p><b>base</b>: Organization</p><p><b>type</b>: string</p><p><b>expression</b>: Organization.address.postalCode</p><p><b>multipleOr</b>: true</p><p><b>multipleAnd</b>: true</p><p><b>modifier</b>: exact</p></div>
  </text>
  <url value="http://hl7.org/fhir/us/davinci-pdex-plan-net/SearchParameter/organization-address-postalcode"/>
  <version value="0.1.0"/>
  <name value="Plannet_sp_organization_address_postalcode"/>
  <derivedFrom value="http://hl7.org/fhir/SearchParameter/Organization-address-postalcode"/>
  <status value="active"/>
  <date value="2018-05-22T20:00:00-04:00"/>
  <publisher value="Saul Kravitz"/>
  <contact>
    <name value="Saul Kravitz"/>
    <telecom>
      <system value="email"/>
      <value value="saul@mitre.org"/>
    </telecom>
  </contact>
  <description value="Select organizations with an address with the specified postal code"/>
  <code value="address-postalcode"/>
  <base value="Organization"/>
  <type value="string"/>
  <expression value="Organization.address.postalCode"/>
  <multipleOr value="true"/>
  <multipleAnd value="true"/>
  <modifier value="exact"/>
</SearchParameter>