<?xml version="1.0" encoding="UTF-8"?>

<SearchParameter xmlns="http://hl7.org/fhir">
  <id value="healthcareservice-specialty"/>
  <text>
    <status value="generated"/><div xmlns="http://www.w3.org/1999/xhtml"><p><b>Generated Narrative with Details</b></p><p><b>id</b>: healthcareservice-specialty</p><p><b>url</b>: <a href="http://hl7.org/fhir/us/davinci-pdex-plan-net/SearchParameter/healthcareservice-specialty">http://hl7.org/fhir/us/davinci-pdex-plan-net/SearchParameter/healthcareservice-specialty</a></p><p><b>version</b>: 0.1.0</p><p><b>name</b>: Plannet_sp_healthcareservice_specialty</p><p><b>derivedFrom</b>: <a href="http://hl7.org/fhir/SearchParameter/HealthcareService-specialty">http://hl7.org/fhir/SearchParameter/HealthcareService-specialty</a></p><p><b>status</b>: active</p><p><b>date</b>: May 22, 2018 8:00:00 PM</p><p><b>publisher</b>: Saul Kravitz</p><p><b>contact</b>: </p><p><b>description</b>: Select services associated with the specified specialty</p><p><b>code</b>: specialty</p><p><b>base</b>: HealthcareService</p><p><b>type</b>: token</p><p><b>expression</b>: HealthcareService.specialty</p><p><b>multipleOr</b>: true</p><p><b>multipleAnd</b>: true</p><p><b>modifier</b>: text</p></div>
  </text>
  <url value="http://hl7.org/fhir/us/davinci-pdex-plan-net/SearchParameter/healthcareservice-specialty"/>
  <version value="0.1.0"/>
  <name value="Plannet_sp_healthcareservice_specialty"/>
  <derivedFrom value="http://hl7.org/fhir/SearchParameter/HealthcareService-specialty"/>
  <status value="active"/>
  <date value="2018-05-22T20:00:00-04:00"/>
  <publisher value="Saul Kravitz"/>
  <contact>
    <name value="Saul Kravitz"/>
    <telecom>
      <system value="email"/>
      <value value="saul@mitre.org"/>
    </telecom>
  </contact>
  <description value="Select services associated with the specified specialty"/>
  <code value="specialty"/>
  <base value="HealthcareService"/>
  <type value="token"/>
  <expression value="HealthcareService.specialty"/>
  <multipleOr value="true"/>
  <multipleAnd value="true"/>
  <modifier value="text"/>
</SearchParameter>