<?xml version="1.0" encoding="UTF-8"?>

<SearchParameter xmlns="http://hl7.org/fhir">
  <id value="insuranceplan-owned-by"/>
  <text>
    <status value="generated"/><div xmlns="http://www.w3.org/1999/xhtml"><p><b>Generated Narrative with Details</b></p><p><b>id</b>: insuranceplan-owned-by</p><p><b>url</b>: <a href="http://hl7.org/fhir/us/davinci-pdex-plan-net/SearchParameter/insuranceplan-owned-by">http://hl7.org/fhir/us/davinci-pdex-plan-net/SearchParameter/insuranceplan-owned-by</a></p><p><b>version</b>: 0.1.0</p><p><b>name</b>: Plannet_sp_insuranceplan_owned_by</p><p><b>derivedFrom</b>: <a href="http://hl7.org/fhir/SearchParameter/InsurancePlan-owned-by">http://hl7.org/fhir/SearchParameter/InsurancePlan-owned-by</a></p><p><b>status</b>: active</p><p><b>date</b>: May 22, 2018 8:00:00 PM</p><p><b>publisher</b>: HL7 Financial Management Working Group</p><p><b>contact</b>: </p><p><b>description</b>: Select products that are owned by the specified organization</p><p><b>code</b>: owned-by</p><p><b>base</b>: InsurancePlan</p><p><b>type</b>: reference</p><p><b>expression</b>: InsurancePlan.ownedBy</p><p><b>target</b>: Organization</p><p><b>multipleOr</b>: true</p><p><b>multipleAnd</b>: true</p><p><b>modifier</b>: above, below</p><p><b>chain</b>: identifier, name, partof</p></div>
  </text>
  <url value="http://hl7.org/fhir/us/davinci-pdex-plan-net/SearchParameter/insuranceplan-owned-by"/>
  <version value="0.1.0"/>
  <name value="Plannet_sp_insuranceplan_owned_by"/>
  <derivedFrom value="http://hl7.org/fhir/SearchParameter/InsurancePlan-owned-by"/>
  <status value="active"/>
  <date value="2018-05-22T20:00:00-04:00"/>
  <publisher value="HL7 Financial Management Working Group"/>
  <contact>
    <name value="HL7 Financial Management Working Group"/>
    <telecom>
      <system value="url"/>
      <value value="http://www.hl7.org/Special/committees/fm/index.cfm"/>
    </telecom>
    <telecom>
      <system value="email"/>
      <value value="fm@lists.HL7.org"/>
    </telecom>
  </contact>
  <description value="Select products that are owned by the specified organization"/>
  <code value="owned-by"/>
  <base value="InsurancePlan"/>
  <type value="reference"/>
  <expression value="InsurancePlan.ownedBy"/>
  <target value="Organization"/>
  <multipleOr value="true"/>
  <multipleAnd value="true"/>
  <modifier value="above"/>
  <modifier value="below"/>
  <chain value="identifier"/>
  <chain value="name"/>
  <chain value="partof"/>
</SearchParameter>