<?xml version="1.0" encoding="UTF-8"?>

<SearchParameter xmlns="http://hl7.org/fhir">
  <id value="healthcareservice-name"/>
  <text>
    <status value="generated"/><div xmlns="http://www.w3.org/1999/xhtml"><p><b>Generated Narrative with Details</b></p><p><b>id</b>: healthcareservice-name</p><p><b>url</b>: <a href="http://hl7.org/fhir/us/davinci-pdex-plan-net/SearchParameter/healthcareservice-name">http://hl7.org/fhir/us/davinci-pdex-plan-net/SearchParameter/healthcareservice-name</a></p><p><b>version</b>: 0.1.0</p><p><b>name</b>: Plannet_sp_healthcareservice_name</p><p><b>derivedFrom</b>: <a href="http://hl7.org/fhir/SearchParameter/HealthcareService-name">http://hl7.org/fhir/SearchParameter/HealthcareService-name</a></p><p><b>status</b>: active</p><p><b>date</b>: May 22, 2018 8:00:00 PM</p><p><b>publisher</b>: Saul Kravitz</p><p><b>contact</b>: </p><p><b>description</b>: Select HealthcareServices with the specified name</p><p><b>code</b>: name</p><p><b>base</b>: HealthcareService</p><p><b>type</b>: string</p><p><b>expression</b>: HealthcareService.name</p><p><b>multipleOr</b>: true</p><p><b>multipleAnd</b>: true</p><p><b>modifier</b>: exact, contains</p></div>
  </text>
  <url value="http://hl7.org/fhir/us/davinci-pdex-plan-net/SearchParameter/healthcareservice-name"/>
  <version value="0.1.0"/>
  <name value="Plannet_sp_healthcareservice_name"/>
  <derivedFrom value="http://hl7.org/fhir/SearchParameter/HealthcareService-name"/>
  <status value="active"/>
  <date value="2018-05-22T20:00:00-04:00"/>
  <publisher value="Saul Kravitz"/>
  <contact>
    <name value="Saul Kravitz"/>
    <telecom>
      <system value="email"/>
      <value value="saul@mitre.org"/>
    </telecom>
  </contact>
  <description value="Select HealthcareServices with the specified name"/>
  <code value="name"/>
  <base value="HealthcareService"/>
  <type value="string"/>
  <expression value="HealthcareService.name"/>
  <multipleOr value="true"/>
  <multipleAnd value="true"/>
  <modifier value="exact"/>
  <modifier value="contains"/>
</SearchParameter>