<?xml version="1.0" encoding="UTF-8"?><SearchParameter xmlns="http://hl7.org/fhir"><id value="organizationaffiliation-identifier-assigner"/><url value="http://hl7.org/fhir/us/davinci-pdex-plan-net/SearchParameter/organizationaffiliation-identifier-assigner"/><version value="0.1.0"/><name value="Plannet_sp_organizationaffiliation_identifier_assigner"/><status value="active"/><date value="2018-05-22T20:00:00-04:00"/><publisher value="HL7 Financial Management Working Group"/><contact><name value="HL7 Financial Management Working Group"/><telecom><system value="url"/><value value="http://www.hl7.org/Special/committees/fm/index.cfm"/></telecom><telecom><system value="email"/><value value="fm@lists.HL7.org"/></telecom></contact><description value="Select OrganizationAffiliations with an identifier issued by the specified organization"/><code value="identifier-assigner"/><base value="OrganizationAffiliation"/><type value="reference"/><expression value="OrganizationAffiliation.identifier.assigner"/><target value="Organization"/><multipleOr value="true"/><multipleAnd value="true"/><modifier value="below"/><chain value="identifier"/><chain value="name"/></SearchParameter>