<?xml version="1.0" encoding="UTF-8"?><SearchParameter xmlns="http://hl7.org/fhir"><id value="practitionerrole-qualification-wherevalid-code"/><url value="http://hl7.org/fhir/us/davinci-pdex-plan-net/SearchParameter/practitionerrole-qualification-wherevalid-code"/><version value="0.1.0"/><name value="Plannet_sp_practitionerrole_qualification_wherevalid_code"/><status value="active"/><date value="2018-05-22T20:00:00-04:00"/><publisher value="Saul Kravitz"/><contact><name value="Saul Kravitz"/><telecom><system value="email"/><value value="saul@mitre.org"/></telecom></contact><description value="Select PractitionerRoles with a qualification that is valid at the location indicated by the specified code"/><code value="qualification-wherevalid-code"/><base value="PractitionerRole"/><type value="token"/><expression value="PractitionerRole.extension.where(url=&#39;http://hl7.org/fhir/uv/vhdir/StructureDefinition/qualification&#39;).extension.where(url=&#39;whereValid&#39;)"/><multipleOr value="true"/><multipleAnd value="true"/><modifier value="text"/></SearchParameter>