<?xml version="1.0" encoding="UTF-8"?><SearchParameter xmlns="http://hl7.org/fhir"><id value="healthcareservice-endpoint"/><url value="http://hl7.org/fhir/us/davinci-pdex-plan-net/SearchParameter/healthcareservice-endpoint"/><version value="0.1.0"/><name value="Plannet_sp_healthcareservice_endpoint"/><derivedFrom value="http://hl7.org/fhir/SearchParameter/HealthcareService-endpoint"/><status value="active"/><date value="2018-05-22T20:00:00-04:00"/><publisher value="Saul Kravitz"/><contact><name value="Saul Kravitz"/><telecom><system value="email"/><value value="saul@mitre.org"/></telecom></contact><description value="Select HealthcareServices with the specified endpoint"/><code value="endpoint"/><base value="HealthcareService"/><type value="reference"/><expression value="HealthcareService.endpoint"/><target value="Endpoint"/><multipleOr value="true"/><multipleAnd value="true"/><chain value="identifier"/><chain value="connection-type"/><chain value="organization"/></SearchParameter>