<?xml version="1.0" encoding="UTF-8"?><SearchParameter xmlns="http://hl7.org/fhir"><id value="location-contains"/><url value="http://hl7.org/fhir/us/davinci-pdex-plan-net/SearchParameter/location-contains"/><version value="0.1.0"/><name value="Plannet_sp_location_contains"/><status value="active"/><date value="2018-08-18T20:00:00-04:00"/><publisher value="Saul Kravitz"/><contact><name value="Saul Kravitz"/><telecom><system value="email"/><value value="saul@mitre.org"/></telecom></contact><description value="Select locations that contain the specified co-ordinates"/><code value="contains"/><base value="Location"/><type value="special"/><expression value="Location.extension.where(url=&#39;http://hl7.org/fhir/StructureDefinition/location-boundary-geojson&#39;)"/><multipleOr value="true"/><multipleAnd value="true"/></SearchParameter>