<?xml version="1.0" encoding="UTF-8"?><SearchParameter xmlns="http://hl7.org/fhir"><id value="practitioner-qualification-wherevalid-location"/><url value="http://hl7.org/fhir/us/davinci-pdex-plan-net/SearchParameter/practitioner-qualification-wherevalid-location"/><version value="0.1.0"/><name value="Plannet_sp_practitioner_qualification_wherevalid_location"/><status value="active"/><date value="2018-05-22T20:00:00-04:00"/><publisher value="Saul Kravitz"/><contact><name value="Saul Kravitz"/><telecom><system value="email"/><value value="saul@mitre.org"/></telecom></contact><description value="Select Practitioners with a qualification that is valid at the specified location"/><code value="qualification-wherevalid-location"/><base value="Practitioner"/><type value="reference"/><expression value="Practitioner.qualification.extension.where(url=&#39;http://hl7.org/fhir/uv/vhdir/StructureDefinition/practitioner-qualification&#39;).extension.where(url=&#39;whereValid&#39;).as(Reference)"/><target value="Location"/><multipleOr value="true"/><multipleAnd value="true"/><modifier value="above"/><modifier value="below"/><chain value="identifier"/><chain value="address"/><chain value="organization"/></SearchParameter>