<?xml version="1.0" encoding="UTF-8"?><SearchParameter xmlns="http://hl7.org/fhir"><id value="organization-partof"/><url value="http://hl7.org/fhir/us/davinci-pdex-plan-net/SearchParameter/organization-partof"/><version value="0.1.0"/><name value="Plannet_sp_organization_partof"/><derivedFrom value="http://hl7.org/fhir/SearchParameter/Organization-partof"/><status value="active"/><date value="2018-05-22T20:00:00-04:00"/><publisher value="Saul Kravitz"/><contact><name value="Saul Kravitz"/><telecom><system value="email"/><value value="saul@mitre.org"/></telecom></contact><description value="Select Organizations that are part of the specified organization"/><code value="partof"/><base value="Organization"/><type value="reference"/><expression value="Organization.partOf"/><target value="Organization"/><multipleOr value="true"/><multipleAnd value="true"/><modifier value="above"/><modifier value="below"/><chain value="identifier"/><chain value="name"/><chain value="address"/><chain value="type"/></SearchParameter>