<?xml version="1.0" encoding="UTF-8"?><SearchParameter xmlns="http://hl7.org/fhir"><id value="practitionerrole-qualification-issuer"/><url value="http://hl7.org/fhir/us/davinci-pdex-plan-net/SearchParameter/practitionerrole-qualification-issuer"/><version value="0.1.0"/><name value="Plannet_sp_practitionerrole_qualification_issuer"/><status value="active"/><date value="2018-05-22T20:00:00-04:00"/><publisher value="Saul Kravitz"/><contact><name value="Saul Kravitz"/><telecom><system value="email"/><value value="saul@mitre.org"/></telecom></contact><description value="Select PractitionerRoles with a qualification issued by the specified organization"/><code value="qualification-issuer"/><base value="PractitionerRole"/><type value="reference"/><expression value="PractitionerRole.extension.where(url=&#39;http://hl7.org/fhir/uv/vhdir/StructureDefinition/qualification&#39;).extension.where(url=&#39;issuer&#39;)"/><target value="Organization"/><multipleOr value="true"/><multipleAnd value="true"/><modifier value="below"/><chain value="identifier"/><chain value="name"/></SearchParameter>