<?xml version="1.0" encoding="UTF-8"?><SearchParameter xmlns="http://hl7.org/fhir"><id value="healthcareservice-new-patient"/><url value="http://hl7.org/fhir/us/davinci-pdex-plan-net/SearchParameter/healthcareservice-new-patient"/><version value="0.1.0"/><name value="Plannet_sp_healthcareservice_new_patient"/><status value="active"/><date value="2018-05-22T20:00:00-04:00"/><publisher value="Saul Kravitz"/><contact><name value="Saul Kravitz"/><telecom><system value="email"/><value value="saul@mitre.org"/></telecom></contact><description value="Select HealthcareServices that are/are not accepting new patients"/><code value="new-patient"/><base value="HealthcareService"/><type value="token"/><expression value="HealthcareService.extension.where(url=&#39;http://hl7.org/fhir/us/davinci-pdex-plan-net/StructureDefinition/plannet-NewPatients-extension&#39;).extension.where(url=&#39;acceptingPatients&#39;)"/><multipleAnd value="true"/></SearchParameter>