<?xml version="1.0" encoding="UTF-8"?><SearchParameter xmlns="http://hl7.org/fhir"><id value="practitionerrole-network"/><url value="http://hl7.org/fhir/us/davinci-pdex-plan-net/SearchParameter/practitionerrole-network"/><version value="0.1.0"/><name value="Plannet_sp_practitionerrole_network"/><status value="active"/><date value="2018-05-22T20:00:00-04:00"/><publisher value="Saul Kravitz"/><contact><name value="Saul Kravitz"/><telecom><system value="email"/><value value="saul@mitre.org"/></telecom></contact><description value="Select roles where the practitioner is a member of the specified health insurance provider network"/><code value="network"/><base value="PractitionerRole"/><type value="reference"/><expression value="PractitionerRole.extension.where(url=&#39;http://hl7.org/fhir/us/davinci-pdex-plan-net/StructureDefinition/plannet-Network-reference-extension&#39;)"/><target value="Organization"/><multipleOr value="true"/><multipleAnd value="true"/><modifier value="above"/><modifier value="below"/><chain value="identifier"/><chain value="name"/><chain value="address"/><chain value="partof"/><chain value="type"/></SearchParameter>