<?xml version="1.0" encoding="UTF-8"?><SearchParameter xmlns="http://hl7.org/fhir"><id value="organization-coverage-area"/><url value="http://hl7.org/fhir/us/davinci-pdex-plan-net/SearchParameter/organization-coverage-area"/><version value="0.1.0"/><name value="Plannet_sp_network_coverage_area"/><status value="active"/><date value="2018-05-22T20:00:00-04:00"/><publisher value="Saul Kravitz"/><contact><name value="Saul Kravitz"/><telecom><system value="email"/><value value="saul@mitre.org"/></telecom></contact><description value="Select health insurance provider networks available in a region described by the specified location"/><code value="coverage-area"/><base value="Organization"/><type value="reference"/><expression value="Organization.extension.where(url=&#39;http://hl7.org/fhir/uv/vhdir/StructureDefinition/location-reference&#39;)"/><target value="Location"/><multipleOr value="true"/><multipleAnd value="true"/><chain value="identifier"/><chain value="contains"/></SearchParameter>