<?xml version="1.0" encoding="UTF-8"?><SearchParameter xmlns="http://hl7.org/fhir"><id value="endpoint-usecase-standard"/><url value="http://hl7.org/fhir/us/davinci-pdex-plan-net/SearchParameter/endpoint-usecase-standard"/><version value="0.1.0"/><name value="Plannet_sp_endpoint_usecase_standard"/><status value="active"/><date value="2018-05-22T20:00:00-04:00"/><publisher value="HL7 Financial Management Working Group"/><contact><name value="HL7 Financial Management Working Group"/><telecom><system value="url"/><value value="http://www.hl7.org/Special/committees/fm/index.cfm"/></telecom><telecom><system value="email"/><value value="fm@lists.HL7.org"/></telecom></contact><description value="Select endpoints that support the specified standard"/><code value="usecase-standard"/><base value="Endpoint"/><type value="uri"/><expression value="Endpoint.extension.where(url=&#39;http://hl7.org/fhir/uv/vhdir/StructureDefinition/endpoint-usecase&#39;).extension.where(url=&#39;standard&#39;)"/><multipleOr value="true"/><multipleAnd value="true"/><modifier value="below"/></SearchParameter>