<?xml version="1.0" encoding="UTF-8"?><SearchParameter xmlns="http://hl7.org/fhir"><id value="endpoint-mime-type"/><url value="http://hl7.org/fhir/us/davinci-pdex-plan-net/SearchParameter/endpoint-mime-type"/><version value="0.1.0"/><name value="Plannet_sp_endpoint_mime_type"/><status value="active"/><date value="2018-05-22T20:00:00-04:00"/><publisher value="HL7 Financial Management Working Group"/><contact><name value="HL7 Financial Management Working Group"/><telecom><system value="url"/><value value="http://www.hl7.org/Special/committees/fm/index.cfm"/></telecom><telecom><system value="email"/><value value="fm@lists.HL7.org"/></telecom></contact><description value="Select endpoints that support the specified media type"/><code value="mime-type"/><base value="Endpoint"/><type value="token"/><expression value="Endpoint.payloadMimeType"/><multipleOr value="true"/><multipleAnd value="true"/></SearchParameter>