<?xml version="1.0" encoding="UTF-8"?><SearchParameter xmlns="http://hl7.org/fhir"><id value="endpoint-payload-type"/><url value="http://hl7.org/fhir/us/davinci-pdex-plan-net/SearchParameter/endpoint-payload-type"/><version value="0.1.0"/><name value="Plannet_sp_endpoint_payload_type"/><derivedFrom value="http://hl7.org/fhir/SearchParameter/Endpoint-payload-type"/><status value="active"/><date value="2018-05-22T20:00:00-04:00"/><publisher value="HL7 Financial Management Working Group"/><contact><name value="HL7 Financial Management Working Group"/><telecom><system value="url"/><value value="http://www.hl7.org/Special/committees/fm/index.cfm"/></telecom><telecom><system value="email"/><value value="fm@lists.HL7.org"/></telecom></contact><description value="Select Endpoints that support the specified type of content"/><code value="payload-type"/><base value="Endpoint"/><type value="token"/><expression value="Endpoint.payloadType"/><multipleOr value="true"/><multipleAnd value="true"/><modifier value="text"/></SearchParameter>