<?xml version="1.0" encoding="UTF-8"?><SearchParameter xmlns="http://hl7.org/fhir"><id value="organization-address-state"/><url value="http://hl7.org/fhir/us/davinci-pdex-plan-net/SearchParameter/organization-address-state"/><version value="0.1.0"/><name value="Plannet_sp_organization_address_state"/><derivedFrom value="http://hl7.org/fhir/SearchParameter/Organization-address-state"/><status value="active"/><date value="2018-05-22T20:00:00-04:00"/><publisher value="Saul Kravitz"/><contact><name value="Saul Kravitz"/><telecom><system value="email"/><value value="saul@mitre.org"/></telecom></contact><description value="Select organizations with an address in the specified state"/><code value="address-state"/><base value="Organization"/><type value="string"/><expression value="Organization.address.state"/><multipleOr value="true"/><multipleAnd value="true"/><modifier value="exact"/></SearchParameter>