<?xml version="1.0" encoding="UTF-8"?><SearchParameter xmlns="http://hl7.org/fhir"><id value="healthcareservice-characteristic"/><url value="http://hl7.org/fhir/us/davinci-pdex-plan-net/SearchParameter/healthcareservice-characteristic"/><version value="0.1.0"/><name value="Plannet_sp_healthcareservice_characteristic"/><derivedFrom value="http://hl7.org/fhir/SearchParameter/HealthcareService-characteristic"/><status value="active"/><date value="2018-05-22T20:00:00-04:00"/><publisher value="Saul Kravitz"/><contact><name value="Saul Kravitz"/><telecom><system value="email"/><value value="saul@mitre.org"/></telecom></contact><description value="Select HealthcareServices with the specified characteristic"/><code value="characteristic"/><base value="HealthcareService"/><type value="token"/><expression value="HealthcareService.characteristic"/><multipleOr value="true"/><multipleAnd value="true"/><modifier value="text"/></SearchParameter>