<?xml version="1.0" encoding="UTF-8"?><SearchParameter xmlns="http://hl7.org/fhir"><id value="insuranceplan-plan-identifier"/><url value="http://hl7.org/fhir/us/davinci-pdex-plan-net/SearchParameter/insuranceplan-plan-identifier"/><version value="0.1.0"/><name value="Plannet_sp_insuranceplan_plan_identifier"/><status value="active"/><date value="2018-05-22T20:00:00-04:00"/><publisher value="HL7 Financial Management Working Group"/><contact><name value="HL7 Financial Management Working Group"/><telecom><system value="url"/><value value="http://www.hl7.org/Special/committees/fm/index.cfm"/></telecom><telecom><system value="email"/><value value="fm@lists.HL7.org"/></telecom></contact><description value="Select plans with the specified identifier"/><code value="plan-identifier"/><base value="InsurancePlan"/><type value="token"/><expression value="InsurancePlan.plan.identifier"/><multipleOr value="true"/><multipleAnd value="true"/><modifier value="text"/><modifier value="ofType"/></SearchParameter>