<?xml version="1.0" encoding="UTF-8"?><SearchParameter xmlns="http://hl7.org/fhir"><id value="location-new-patient"/><url value="http://hl7.org/fhir/us/davinci-pdex-plan-net/SearchParameter/location-new-patient"/><version value="0.1.0"/><name value="Plannet_sp_location_new_patient"/><status value="active"/><date value="2018-05-22T20:00:00-04:00"/><publisher value="HL7 Financial Management Working Group"/><contact><name value="HL7 Financial Management Working Group"/><telecom><system value="url"/><value value="http://www.hl7.org/Special/committees/fm/index.cfm"/></telecom><telecom><system value="email"/><value value="fm@lists.HL7.org"/></telecom></contact><description value="Select locations that are/are not accepting new patients"/><code value="new-patient"/><base value="Location"/><type value="token"/><expression value="Location.extension.where(url=&#39;http://hl7.org/fhir/us/davinci-pdex-plan-net/StructureDefinition/plannet-NewPatients-extension&#39;).extension.where(url=&#39;acceptingPatients&#39;)"/><multipleAnd value="true"/></SearchParameter>