<?xml version="1.0" encoding="UTF-8"?><SearchParameter xmlns="http://hl7.org/fhir"><id value="organization-qualification-code"/><url value="http://hl7.org/fhir/us/davinci-pdex-plan-net/SearchParameter/organization-qualification-code"/><version value="0.1.0"/><name value="Plannet_sp_organization_qualification_code"/><status value="active"/><date value="2018-05-22T20:00:00-04:00"/><publisher value="Saul Kravitz"/><contact><name value="Saul Kravitz"/><telecom><system value="email"/><value value="saul@mitre.org"/></telecom></contact><description value="Select Organizations with a type of qualification matching the specified code"/><code value="qualification-code"/><base value="Organization"/><type value="token"/><expression value="Organization.extension.where(url=&#39;http://hl7.org/fhir/uv/vhdir/StructureDefinition/qualification&#39;).extension.where(url=&#39;code&#39;)"/><multipleOr value="true"/><multipleAnd value="true"/><modifier value="text"/></SearchParameter>