<?xml version="1.0" encoding="UTF-8"?><SearchParameter xmlns="http://hl7.org/fhir"><id value="insuranceplan-coverage-benefit-type"/><url value="http://hl7.org/fhir/us/davinci-pdex-plan-net/SearchParameter/insuranceplan-coverage-benefit-type"/><version value="0.1.0"/><name value="Plannet_sp_insuranceplan_coverage_benefit_type"/><status value="active"/><date value="2018-05-22T20:00:00-04:00"/><publisher value="Saul Kravitz"/><contact><name value="Saul Kravitz"/><telecom><system value="email"/><value value="saul@mitre.org"/></telecom></contact><description value="Select health insurance products offering covered benefits of the specified type"/><code value="coverage-benefit-type"/><base value="InsurancePlan"/><type value="token"/><expression value="InsurancePlan.coverage.benefit.type"/><multipleOr value="true"/><multipleAnd value="true"/><modifier value="text"/></SearchParameter>