<?xml version="1.0" encoding="UTF-8"?><SearchParameter xmlns="http://hl7.org/fhir"><id value="practitioner-phonetic"/><url value="http://hl7.org/fhir/us/davinci-pdex-plan-net/SearchParameter/practitioner-phonetic"/><version value="0.1.0"/><name value="Plannet_sp_practitioner_phonetic"/><derivedFrom value="http://hl7.org/fhir/SearchParameter/individual-phonetic"/><status value="active"/><date value="2018-05-22T20:00:00-04:00"/><publisher value="HL7 Financial Management Working Group"/><contact><name value="HL7 Financial Management Working Group"/><telecom><system value="url"/><value value="http://www.hl7.org/Special/committees/fm/index.cfm"/></telecom><telecom><system value="email"/><value value="fm@lists.HL7.org"/></telecom></contact><description value="Select Practitioners with the specified name (A portion of name using some kind of phonetic matching algorithm)"/><code value="phonetic"/><base value="Practitioner"/><type value="string"/><expression value="Practitioner.name"/><multipleOr value="true"/><multipleAnd value="true"/></SearchParameter>