<?xml version="1.0" encoding="UTF-8"?><SearchParameter xmlns="http://hl7.org/fhir"><id value="endpoint-usecase-type"/><url value="http://hl7.org/fhir/us/davinci-pdex-plan-net/SearchParameter/endpoint-usecase-type"/><version value="0.1.0"/><name value="Plannet_sp_endpoint_usecase_type"/><status value="active"/><date value="2018-05-22T20:00:00-04:00"/><publisher value="Saul Kravitz"/><contact><name value="Saul Kravitz"/><telecom><system value="email"/><value value="saul@mitre.org"/></telecom></contact><description value="Select endpoints that support the type of services indicated by the specified code"/><code value="usecase-type"/><base value="Endpoint"/><type value="token"/><expression value="Endpoint.extension.where(url=&#39;http://hl7.org/fhir/uv/vhdir/StructureDefinition/endpoint-usecase&#39;).extension.where(url=&#39;type&#39;)"/><multipleOr value="true"/><multipleAnd value="true"/><modifier value="text"/></SearchParameter>