<?xml version="1.0" encoding="UTF-8"?><SearchParameter xmlns="http://hl7.org/fhir"><id value="practitioner-family-name"/><url value="http://hl7.org/fhir/us/davinci-pdex-plan-net/SearchParameter/practitioner-family-name"/><version value="0.1.0"/><name value="Plannet_sp_practitioner_family_name"/><derivedFrom value="http://hl7.org/fhir/SearchParameter/individual-family"/><status value="active"/><date value="2018-05-22T20:00:00-04:00"/><publisher value="Saul Kravitz"/><contact><name value="Saul Kravitz"/><telecom><system value="email"/><value value="saul@mitre.org"/></telecom></contact><description value="Select Practitioners with the specified family name"/><code value="family"/><base value="Practitioner"/><type value="string"/><expression value="Practitioner.name.family"/><multipleOr value="true"/><multipleAnd value="true"/><modifier value="exact"/></SearchParameter>