<?xml version="1.0" encoding="UTF-8"?><SearchParameter xmlns="http://hl7.org/fhir"><id value="insuranceplan-administered-by"/><url value="http://hl7.org/fhir/us/davinci-pdex-plan-net/SearchParameter/insuranceplan-administered-by"/><version value="0.1.0"/><name value="Plannet_sp_insuranceplan_administered_by"/><derivedFrom value="http://hl7.org/fhir/SearchParameter/InsurancePlan-administered-by"/><status value="active"/><date value="2018-05-22T20:00:00-04:00"/><publisher value="HL7 Financial Management Working Group"/><contact><name value="HL7 Financial Management Working Group"/><telecom><system value="url"/><value value="http://www.hl7.org/Special/committees/fm/index.cfm"/></telecom><telecom><system value="email"/><value value="fm@lists.HL7.org"/></telecom></contact><description value="Select products that are administered by the specified organization"/><code value="administered-by"/><base value="InsurancePlan"/><type value="reference"/><expression value="InsurancePlan.administeredBy"/><target value="Organization"/><multipleOr value="true"/><multipleAnd value="true"/><modifier value="above"/><modifier value="below"/><chain value="identifier"/><chain value="name"/><chain value="partof"/></SearchParameter>