<?xml version="1.0" encoding="UTF-8"?><SearchParameter xmlns="http://hl7.org/fhir"><id value="organization-type"/><url value="http://hl7.org/fhir/us/davinci-pdex-plan-net/SearchParameter/organization-type"/><version value="0.1.0"/><name value="Plannet_sp_organization_type"/><derivedFrom value="http://hl7.org/fhir/SearchParameter/Organization-type"/><status value="active"/><date value="2018-05-22T20:00:00-04:00"/><publisher value="Saul Kravitz"/><contact><name value="Saul Kravitz"/><telecom><system value="email"/><value value="saul@mitre.org"/></telecom></contact><description value="Select Organizations of the specified type"/><code value="type"/><base value="Organization"/><type value="token"/><expression value="Organization.type"/><multipleOr value="true"/><multipleAnd value="true"/><modifier value="text"/></SearchParameter>