<?xml version="1.0" encoding="UTF-8"?><SearchParameter xmlns="http://hl7.org/fhir"><id value="organization-endpoint"/><url value="http://hl7.org/fhir/us/davinci-pdex-plan-net/SearchParameter/organization-endpoint"/><version value="0.1.0"/><name value="Plannet_sp_organization_endpoint"/><derivedFrom value="http://hl7.org/fhir/SearchParameter/Organization-endpoint"/><status value="active"/><date value="2018-05-22T20:00:00-04:00"/><publisher value="HL7 Financial Management Working Group"/><contact><name value="HL7 Financial Management Working Group"/><telecom><system value="url"/><value value="http://www.hl7.org/Special/committees/fm/index.cfm"/></telecom><telecom><system value="email"/><value value="fm@lists.HL7.org"/></telecom></contact><description value="Select Organizations with the specified endpoint"/><code value="endpoint"/><base value="Organization"/><type value="reference"/><expression value="Organization.endpoint"/><target value="Endpoint"/><multipleOr value="true"/><multipleAnd value="true"/><chain value="identifier"/><chain value="connection-type"/><chain value="organization"/></SearchParameter>