<?xml version="1.0" encoding="UTF-8"?><SearchParameter xmlns="http://hl7.org/fhir"><id value="healthcareservice-name"/><url value="http://hl7.org/fhir/us/davinci-pdex-plan-net/SearchParameter/healthcareservice-name"/><version value="0.1.0"/><name value="Plannet_sp_healthcareservice_name"/><derivedFrom value="http://hl7.org/fhir/SearchParameter/HealthcareService-name"/><status value="active"/><date value="2018-05-22T20:00:00-04:00"/><publisher value="Saul Kravitz"/><contact><name value="Saul Kravitz"/><telecom><system value="email"/><value value="saul@mitre.org"/></telecom></contact><description value="Select HealthcareServices with the specified name"/><code value="name"/><base value="HealthcareService"/><type value="string"/><expression value="HealthcareService.name"/><multipleOr value="true"/><multipleAnd value="true"/><modifier value="exact"/><modifier value="contains"/></SearchParameter>