<?xml version="1.0" encoding="UTF-8"?><SearchParameter xmlns="http://hl7.org/fhir"><id value="practitionerrole-specialty"/><url value="http://hl7.org/fhir/us/davinci-pdex-plan-net/SearchParameter/practitionerrole-specialty"/><version value="0.1.0"/><name value="Plannet_sp_practitionerrole_specialty"/><derivedFrom value="http://hl7.org/fhir/SearchParameter/PractitionerRole-specialty"/><status value="active"/><date value="2018-05-22T20:00:00-04:00"/><publisher value="Saul Kravitz"/><contact><name value="Saul Kravitz"/><telecom><system value="email"/><value value="saul@mitre.org"/></telecom></contact><description value="Select PractitionerRoles associated with the specified specialty"/><code value="specialty"/><base value="PractitionerRole"/><type value="token"/><expression value="PractitionerRole.specialty"/><multipleOr value="true"/><multipleAnd value="true"/><modifier value="text"/></SearchParameter>