<?xml version="1.0" encoding="UTF-8"?><SearchParameter xmlns="http://hl7.org/fhir"><id value="practitioner-qualification-issuer"/><url value="http://hl7.org/fhir/us/davinci-pdex-plan-net/SearchParameter/practitioner-qualification-issuer"/><version value="0.1.0"/><name value="Plannet_sp_practitioner_qualification_issuer"/><status value="active"/><date value="2018-05-22T20:00:00-04:00"/><publisher value="Saul Kravitz"/><contact><name value="Saul Kravitz"/><telecom><system value="email"/><value value="saul@mitre.org"/></telecom></contact><description value="Select Practitioners with a qualification issued by the specified organization"/><code value="qualification-issuer"/><base value="Practitioner"/><type value="reference"/><expression value="Practitioner.qualification.issuer"/><target value="Organization"/><multipleOr value="true"/><multipleAnd value="true"/><modifier value="below"/><chain value="identifier"/><chain value="name"/></SearchParameter>