<?xml version="1.0" encoding="UTF-8"?><SearchParameter xmlns="http://hl7.org/fhir"><id value="organization-qualification-wherevalid-location"/><url value="http://hl7.org/fhir/us/davinci-pdex-plan-net/SearchParameter/organization-qualification-wherevalid-location"/><version value="0.1.0"/><name value="Plannet_sp_organization_qualification_wherevalid_location"/><status value="active"/><date value="2018-05-22T20:00:00-04:00"/><publisher value="HL7 Financial Management Working Group"/><contact><name value="HL7 Financial Management Working Group"/><telecom><system value="url"/><value value="http://www.hl7.org/Special/committees/fm/index.cfm"/></telecom><telecom><system value="email"/><value value="fm@lists.HL7.org"/></telecom></contact><description value="Select Organizations with a qualification that is valid at the specified location"/><code value="qualification-wherevalid-location"/><base value="Organization"/><type value="reference"/><expression value="Organization.extension.where(url=&#39;http://hl7.org/fhir/uv/vhdir/StructureDefinition/qualification&#39;).extension.where(url=&#39;whereValid&#39;).as(Reference)"/><target value="Location"/><multipleOr value="true"/><multipleAnd value="true"/><modifier value="above"/><modifier value="below"/><chain value="identifier"/><chain value="organization"/></SearchParameter>