<?xml version="1.0" encoding="UTF-8"?><SearchParameter xmlns="http://hl7.org/fhir"><id value="practitioner-qualification-code"/><url value="http://hl7.org/fhir/us/davinci-pdex-plan-net/SearchParameter/practitioner-qualification-code"/><version value="0.1.0"/><name value="Plannet_sp_practitioner_qualification_code"/><status value="active"/><date value="2018-05-22T20:00:00-04:00"/><publisher value="Saul Kravitz"/><contact><name value="Saul Kravitz"/><telecom><system value="email"/><value value="saul@mitre.org"/></telecom></contact><description value="Select Practitioners with a type of qualification matching the specified code"/><code value="qualification-code"/><base value="Practitioner"/><type value="token"/><expression value="Practitioner.qualification.code"/><multipleOr value="true"/><multipleAnd value="true"/><modifier value="text"/></SearchParameter>