<?xml version="1.0" encoding="UTF-8"?><SearchParameter xmlns="http://hl7.org/fhir"><id value="practitionerrole-practitioner"/><url value="http://hl7.org/fhir/us/davinci-pdex-plan-net/SearchParameter/practitionerrole-practitioner"/><version value="0.1.0"/><name value="Plannet_sp_practitionerrole_practitioner"/><derivedFrom value="http://hl7.org/fhir/SearchParameter/PractitionerRole-practitioner"/><status value="active"/><date value="2018-05-22T20:00:00-04:00"/><publisher value="HL7 Financial Management Working Group"/><contact><name value="HL7 Financial Management Working Group"/><telecom><system value="url"/><value value="http://www.hl7.org/Special/committees/fm/index.cfm"/></telecom><telecom><system value="email"/><value value="fm@lists.HL7.org"/></telecom></contact><description value="Select roles filled by the specified practitioner"/><code value="practitioner"/><base value="PractitionerRole"/><type value="reference"/><expression value="PractitionerRole.practitioner"/><target value="Practitioner"/><multipleOr value="true"/><multipleAnd value="true"/><chain value="identifier"/><chain value="name"/></SearchParameter>