<?xml version="1.0" encoding="UTF-8"?><SearchParameter xmlns="http://hl7.org/fhir"><id value="practitionerrole-service"/><url value="http://hl7.org/fhir/us/davinci-pdex-plan-net/SearchParameter/practitionerrole-service"/><version value="0.1.0"/><name value="Plannet_sp_practitionerrole_service"/><derivedFrom value="http://hl7.org/fhir/SearchParameter/PractitionerRole-service"/><status value="active"/><date value="2018-05-22T20:00:00-04:00"/><publisher value="Saul Kravitz"/><contact><name value="Saul Kravitz"/><telecom><system value="email"/><value value="saul@mitre.org"/></telecom></contact><description value="Select PractitionerRoles providing the specified service"/><code value="service"/><base value="PractitionerRole"/><type value="reference"/><expression value="PractitionerRole.healthcareService"/><target value="HealthcareService"/><multipleOr value="true"/><multipleAnd value="true"/><chain value="identifier"/><chain value="service-category"/><chain value="organization"/><chain value="location"/></SearchParameter>