<?xml version="1.0" encoding="UTF-8"?><SearchParameter xmlns="http://hl7.org/fhir"><id value="practitionerrole-organization"/><url value="http://hl7.org/fhir/us/davinci-pdex-plan-net/SearchParameter/practitionerrole-organization"/><version value="0.1.0"/><name value="Plannet_sp_practitionerrole_organization"/><derivedFrom value="http://hl7.org/fhir/SearchParameter/PractitionerRole-organization"/><status value="active"/><date value="2018-05-22T20:00:00-04:00"/><publisher value="Saul Kravitz"/><contact><name value="Saul Kravitz"/><telecom><system value="email"/><value value="saul@mitre.org"/></telecom></contact><description value="Select PractitionerRoles available at the specified organization"/><code value="organization"/><base value="PractitionerRole"/><type value="reference"/><expression value="PractitionerRole.organization"/><target value="Organization"/><multipleOr value="true"/><multipleAnd value="true"/><modifier value="above"/><modifier value="below"/><chain value="identifier"/><chain value="name"/><chain value="address"/><chain value="partof"/><chain value="type"/></SearchParameter>