<?xml version="1.0" encoding="UTF-8"?><SearchParameter xmlns="http://hl7.org/fhir"><id value="location-identifier"/><url value="http://hl7.org/fhir/us/davinci-pdex-plan-net/SearchParameter/location-identifier"/><version value="0.1.0"/><name value="Plannet_sp_location_identifier"/><derivedFrom value="http://hl7.org/fhir/SearchParameter/Location-identifier"/><status value="active"/><date value="2018-05-22T20:00:00-04:00"/><publisher value="Saul Kravitz"/><contact><name value="Saul Kravitz"/><telecom><system value="email"/><value value="saul@mitre.org"/></telecom></contact><description value="Select Locations with the specified identifier"/><code value="identifier"/><base value="Location"/><type value="token"/><expression value="Location.identifier"/><multipleOr value="true"/><multipleAnd value="true"/><modifier value="text"/><modifier value="ofType"/></SearchParameter>