<?xml version="1.0" encoding="UTF-8"?><SearchParameter xmlns="http://hl7.org/fhir"><id value="endpoint-identifier-assigner"/><url value="http://hl7.org/fhir/us/davinci-pdex-plan-net/SearchParameter/endpoint-identifier-assigner"/><version value="0.1.0"/><name value="Plannet_sp_endpoint_identifier_assigner"/><status value="active"/><date value="2018-05-22T20:00:00-04:00"/><publisher value="Saul Kravitz"/><contact><name value="Saul Kravitz"/><telecom><system value="email"/><value value="saul@mitre.org"/></telecom></contact><description value="Select Endpoints with an identifier issued by the specified organization"/><code value="identifier-assigner"/><base value="Endpoint"/><type value="reference"/><expression value="Endpoint.identifier.assigner"/><target value="Organization"/><multipleOr value="true"/><multipleAnd value="true"/><modifier value="below"/><chain value="identifier"/><chain value="name"/></SearchParameter>