<?xml version="1.0" encoding="UTF-8"?><SearchParameter xmlns="http://hl7.org/fhir"><id value="organizationaffiliation-role"/><url value="http://hl7.org/fhir/us/davinci-pdex-plan-net/SearchParameter/organizationaffiliation-role"/><version value="0.1.0"/><name value="Plannet_sp_organizationaffiliation_role"/><derivedFrom value="http://hl7.org/fhir/SearchParameter/OrganizationAffiliation-role"/><status value="active"/><date value="2018-05-22T20:00:00-04:00"/><publisher value="Saul Kravitz"/><contact><name value="Saul Kravitz"/><telecom><system value="email"/><value value="saul@mitre.org"/></telecom></contact><description value="Select OrganizationAffiliations with the specified role"/><code value="role"/><base value="OrganizationAffiliation"/><type value="token"/><expression value="OrganizationAffiliation.code"/><multipleOr value="true"/><multipleAnd value="true"/><modifier value="text"/></SearchParameter>