<?xml version="1.0" encoding="UTF-8"?><SearchParameter xmlns="http://hl7.org/fhir"><id value="plannet-available-start-time"/><url value="http://hl7.org/fhir/us/davinci-pdex-plan-net/SearchParameter/plannet-available-start-time"/><version value="0.1.0"/><name value="Plannet_sp_available_days"/><status value="active"/><date value="2018-05-22T20:00:00-04:00"/><publisher value="Saul Kravitz"/><contact><name value="Saul Kravitz"/><telecom><system value="email"/><value value="saul@mitre.org"/></telecom></contact><description value="Available start time"/><code value="available-start-time"/><base value="HealthcareService"/><base value="PractitionerRole"/><base value="Location"/><type value="token"/><expression value="PractitionerRole.availableTime.availableStartTime | HealthcareService.availableTime.availableStartTime |  Location.hoursOfOperation.availableStartTime"/><multipleOr value="true"/><multipleAnd value="true"/><modifier value="missing"/><modifier value="exact"/><modifier value="contains"/></SearchParameter>