<?xml version="1.0" encoding="UTF-8"?><SearchParameter xmlns="http://hl7.org/fhir"><id value="insuranceplan-plan-coverage-area"/><url value="http://hl7.org/fhir/us/davinci-pdex-plan-net/SearchParameter/insuranceplan-plan-coverage-area"/><version value="0.1.0"/><name value="Plannet_sp_insuranceplan_plan_coverage_area"/><status value="active"/><date value="2018-05-22T20:00:00-04:00"/><publisher value="Saul Kravitz"/><contact><name value="Saul Kravitz"/><telecom><system value="email"/><value value="saul@mitre.org"/></telecom></contact><description value="Select plans that are available in the specified location"/><code value="plan-coverage-area"/><base value="InsurancePlan"/><type value="reference"/><expression value="InsurancePlan.plan.coverageArea"/><target value="Location"/><multipleOr value="true"/><multipleAnd value="true"/><chain value="identifier"/><chain value="contains"/></SearchParameter>