<?xml version="1.0" encoding="UTF-8"?><SearchParameter xmlns="http://hl7.org/fhir"><id value="practitionerrole-new-patient-network"/><url value="http://hl7.org/fhir/us/davinci-pdex-plan-net/SearchParameter/practitionerrole-new-patient-network"/><version value="0.1.0"/><name value="Plannet_sp_practitionerrole_new_patient_network"/><status value="active"/><date value="2018-05-22T20:00:00-04:00"/><publisher value="Saul Kravitz"/><contact><name value="Saul Kravitz"/><telecom><system value="email"/><value value="saul@mitre.org"/></telecom></contact><description value="Select PractitionerRoles that are part of the specified network and are/are not accepting new patients"/><code value="new-patient-network"/><base value="PractitionerRole"/><type value="reference"/><expression value="PractitionerRole.extension.where(url=&#39;http://hl7.org/fhir/us/davinci-pdex-plan-net/StructureDefinition/plannet-NewPatients-extension&#39;).extension.where(url=&#39;network&#39;)"/><target value="Organization"/><multipleOr value="true"/><multipleAnd value="true"/><chain value="identifier"/><chain value="name"/><chain value="partof"/></SearchParameter>