<?xml version="1.0" encoding="UTF-8"?><SearchParameter xmlns="http://hl7.org/fhir"><id value="healthcareservice-specialty"/><url value="http://hl7.org/fhir/us/davinci-pdex-plan-net/SearchParameter/healthcareservice-specialty"/><version value="0.1.0"/><name value="Plannet_sp_healthcareservice_specialty"/><derivedFrom value="http://hl7.org/fhir/SearchParameter/HealthcareService-specialty"/><status value="active"/><date value="2018-05-22T20:00:00-04:00"/><publisher value="HL7 Financial Management Working Group"/><contact><name value="HL7 Financial Management Working Group"/><telecom><system value="url"/><value value="http://www.hl7.org/Special/committees/fm/index.cfm"/></telecom><telecom><system value="email"/><value value="fm@lists.HL7.org"/></telecom></contact><description value="Select services associated with the specified specialty"/><code value="specialty"/><base value="HealthcareService"/><type value="token"/><expression value="HealthcareService.specialty"/><multipleOr value="true"/><multipleAnd value="true"/><modifier value="text"/></SearchParameter>