<?xml version="1.0" encoding="UTF-8"?><SearchParameter xmlns="http://hl7.org/fhir"><id value="organization-name"/><url value="http://hl7.org/fhir/us/davinci-pdex-plan-net/SearchParameter/organization-name"/><version value="0.1.0"/><name value="Plannet_sp_organization_name"/><derivedFrom value="http://hl7.org/fhir/SearchParameter/Organization-name"/><status value="active"/><date value="2018-05-22T20:00:00-04:00"/><publisher value="Saul Kravitz"/><contact><name value="Saul Kravitz"/><telecom><system value="email"/><value value="saul@mitre.org"/></telecom></contact><description value="Select Organizations with the specified name"/><code value="name"/><base value="Organization"/><type value="string"/><expression value="Organization.name | Organization.alias"/><multipleOr value="true"/><multipleAnd value="true"/><modifier value="exact"/><modifier value="contains"/></SearchParameter>