<?xml version="1.0" encoding="UTF-8"?><SearchParameter xmlns="http://hl7.org/fhir"><id value="organizationaffiliation-identifier"/><url value="http://hl7.org/fhir/us/davinci-pdex-plan-net/SearchParameter/organizationaffiliation-identifier"/><version value="0.1.0"/><name value="Plannet_sp_organizationaffiliation_identifier"/><derivedFrom value="http://hl7.org/fhir/SearchParameter/OrganizationAffiliation-identifier"/><status value="active"/><date value="2018-05-22T20:00:00-04:00"/><publisher value="Saul Kravitz"/><contact><name value="Saul Kravitz"/><telecom><system value="email"/><value value="saul@mitre.org"/></telecom></contact><description value="Select OrganizationAffiliations with the specified identifier"/><code value="identifier"/><base value="OrganizationAffiliation"/><type value="token"/><expression value="OrganizationAffiliation.identifier"/><multipleOr value="true"/><multipleAnd value="true"/><modifier value="text"/><modifier value="ofType"/></SearchParameter>