<?xml version="1.0" encoding="UTF-8"?><SearchParameter xmlns="http://hl7.org/fhir"><id value="practitionerrole-location"/><url value="http://hl7.org/fhir/us/davinci-pdex-plan-net/SearchParameter/practitionerrole-location"/><version value="0.1.0"/><name value="Plannet_sp_practitionerrole_location"/><derivedFrom value="http://hl7.org/fhir/SearchParameter/PractitionerRole-location"/><status value="active"/><date value="2018-05-22T20:00:00-04:00"/><publisher value="HL7 Financial Management Working Group"/><contact><name value="HL7 Financial Management Working Group"/><telecom><system value="url"/><value value="http://www.hl7.org/Special/committees/fm/index.cfm"/></telecom><telecom><system value="email"/><value value="fm@lists.HL7.org"/></telecom></contact><description value="Select PractitionerRoles available at the specified location"/><code value="location"/><base value="PractitionerRole"/><type value="reference"/><expression value="PractitionerRole.location"/><target value="Location"/><multipleOr value="true"/><multipleAnd value="true"/><modifier value="above"/><modifier value="below"/><chain value="identifier"/><chain value="address"/><chain value="organization"/><chain value="type"/></SearchParameter>