<?xml version="1.0" encoding="UTF-8"?><SearchParameter xmlns="http://hl7.org/fhir"><id value="healthcareservice-service-category"/><url value="http://hl7.org/fhir/us/davinci-pdex-plan-net/SearchParameter/healthcareservice-service-category"/><version value="0.1.0"/><name value="Plannet_sp_healthcareservice_category"/><derivedFrom value="http://hl7.org/fhir/SearchParameter/HealthcareService-service-category"/><status value="active"/><date value="2018-05-22T20:00:00-04:00"/><publisher value="Saul Kravitz"/><contact><name value="Saul Kravitz"/><telecom><system value="email"/><value value="saul@mitre.org"/></telecom></contact><description value="Select HealthcareServices providing the specified category of services"/><code value="service-category"/><base value="HealthcareService"/><type value="token"/><expression value="HealthcareService.category"/><multipleOr value="true"/><multipleAnd value="true"/><modifier value="text"/></SearchParameter>