<?xml version="1.0" encoding="UTF-8"?><SearchParameter xmlns="http://hl7.org/fhir"><id value="plannet-available-end-time"/><url value="http://hl7.org/fhir/us/davinci-pdex-plan-net/SearchParameter/plannet-available-end-time"/><version value="0.1.0"/><name value="Plannet_sp_available_end_time"/><status value="active"/><date value="2018-05-22T20:00:00-04:00"/><publisher value="Saul Kravitz"/><contact><name value="Saul Kravitz"/><telecom><system value="email"/><value value="saul@mitre.org"/></telecom></contact><description value="Available end time"/><code value="available-end-time"/><base value="HealthcareService"/><base value="PractitionerRole"/><base value="Location"/><type value="token"/><expression value="PractitionerRole.availableTime.availableEndTime | HealthcareService.availableTime.availableEndTime |  Location.hoursOfOperation.availableEndTime"/><multipleOr value="true"/><multipleAnd value="true"/><modifier value="text"/></SearchParameter>