<?xml version="1.0" encoding="UTF-8"?><SearchParameter xmlns="http://hl7.org/fhir"><id value="healthcareservice-service-type"/><url value="http://hl7.org/fhir/us/davinci-pdex-plan-net/SearchParameter/healthcareservice-service-type"/><version value="0.1.0"/><name value="Plannet_sp_healthcareservice_type"/><derivedFrom value="http://hl7.org/fhir/SearchParameter/HealthcareService-service-type"/><status value="active"/><date value="2018-05-22T20:00:00-04:00"/><publisher value="Saul Kravitz"/><contact><name value="Saul Kravitz"/><telecom><system value="email"/><value value="saul@mitre.org"/></telecom></contact><description value="Select HealthcareServices of the specified type"/><code value="service-type"/><base value="HealthcareService"/><type value="token"/><expression value="HealthcareService.type"/><multipleOr value="true"/><multipleAnd value="true"/><modifier value="text"/></SearchParameter>