<?xml version="1.0" encoding="UTF-8"?><SearchParameter xmlns="http://hl7.org/fhir"><id value="location-address"/><url value="http://hl7.org/fhir/us/davinci-pdex-plan-net/SearchParameter/location-address"/><version value="0.1.0"/><name value="Plannet_sp_location_address"/><derivedFrom value="http://hl7.org/fhir/SearchParameter/Location-address"/><status value="active"/><date value="2018-05-22T20:00:00-04:00"/><publisher value="HL7 Financial Management Working Group"/><contact><name value="HL7 Financial Management Working Group"/><telecom><system value="url"/><value value="http://www.hl7.org/Special/committees/fm/index.cfm"/></telecom><telecom><system value="email"/><value value="fm@lists.HL7.org"/></telecom></contact><description value="Select Locations with the specified address"/><code value="address"/><base value="Location"/><type value="string"/><expression value="Location.address"/><multipleOr value="true"/><multipleAnd value="true"/><modifier value="exact"/><modifier value="contains"/></SearchParameter>