<?xml version="1.0" encoding="UTF-8"?><SearchParameter xmlns="http://hl7.org/fhir"><id value="location-partof"/><url value="http://hl7.org/fhir/us/davinci-pdex-plan-net/SearchParameter/location-partof"/><version value="0.1.0"/><name value="Plannet_sp_location_partof"/><derivedFrom value="http://hl7.org/fhir/SearchParameter/Location-partof"/><status value="active"/><date value="2018-05-22T20:00:00-04:00"/><publisher value="Saul Kravitz"/><contact><name value="Saul Kravitz"/><telecom><system value="email"/><value value="saul@mitre.org"/></telecom></contact><description value="Select Locations that are part of the specified location"/><code value="partof"/><base value="Location"/><type value="reference"/><expression value="Location.partOf"/><target value="Location"/><multipleOr value="true"/><multipleAnd value="true"/><modifier value="above"/><modifier value="below"/><chain value="identifier"/><chain value="type"/><chain value="address"/><chain value="organization"/></SearchParameter>