{
  "resourceType": "Organization",
  "id": "plannet-organization-1230085657",
  "meta": {
    "profile": [
      "http://hl7.org/fhir/us/davinci-pdex-plan-net/StructureDefinition/plannet-Organization"
    ]
  },
  "text": {
    "status": "generated",
    "div": "<div xmlns=\"http://www.w3.org/1999/xhtml\"><p><b>Generated Narrative with Details</b></p><p><b>id</b>: plannet-organization-1230085657</p><p><b>meta</b>: </p><p><b>identifier</b>: NPI = 1230085657 (OFFICIAL)</p><p><b>active</b>: true</p><p><b>type</b>: Healthcare Provider <span style=\"background: LightGoldenRodYellow\">(Details : {http://terminology.hl7.org/CodeSystem/organization-type code 'prov' = 'Healthcare Provider', given as 'Healthcare Provider'})</span></p><p><b>name</b>: BAYSIDE ENDOSCOPY, LLC</p><p><b>telecom</b>: ph: 735-380-1096 x267(WORK), fax: 1-265-938-5709 x280(WORK)</p><p><b>address</b>: 33 STANIFORD ST, PROVIDENCE, RI 029053105(WORK)</p><h3>Contacts</h3><table class=\"grid\"><tr><td>-</td><td><b>Purpose</b></td><td><b>Name</b></td><td><b>Telecom</b></td><td><b>Address</b></td></tr><tr><td>*</td><td>Administrative <span style=\"background: LightGoldenRodYellow\">(Details : {http://terminology.hl7.org/CodeSystem/contactentity-type code 'ADMIN' = 'Administrative', given as 'Administrative'})</span></td><td>Shane Goyette(OFFICIAL)</td><td>ph: 735-380-1096 x267(WORK)</td><td>33 STANIFORD ST, PROVIDENCE, RI 029053105(WORK)</td></tr></table></div>"
  },
  "identifier": [
    {
      "use": "official",
      "type": {
        "coding": [
          {
            "system": "http://terminology.hl7.org/CodeSystem/v2-0203",
            "code": "NPI",
            "display": "Provider number",
            "userSelected": true
          }
        ],
        "text": "NPI"
      },
      "system": "http://hl7.org/fhir/sid/us-npi",
      "value": "1230085657",
      "assigner": {
        "display": "Centers for Medicare and Medicaid Services"
      }
    }
  ],
  "active": true,
  "type": [
    {
      "coding": [
        {
          "system": "http://terminology.hl7.org/CodeSystem/organization-type",
          "code": "prov",
          "display": "Healthcare Provider"
        }
      ],
      "text": "Healthcare Provider"
    }
  ],
  "name": "BAYSIDE ENDOSCOPY, LLC",
  "telecom": [
    {
      "system": "phone",
      "value": "735-380-1096 x267",
      "use": "work"
    },
    {
      "system": "fax",
      "value": "1-265-938-5709 x280",
      "use": "work"
    }
  ],
  "address": [
    {
      "extension": [
        {
          "extension": [
            {
              "url": "latitude",
              "valueDecimal": 41.809006
            },
            {
              "url": "longitude",
              "valueDecimal": -71.41177
            }
          ],
          "url": "http://hl7.org/fhir/StructureDefinition/geolocation"
        }
      ],
      "use": "work",
      "type": "both",
      "text": "33 STANIFORD ST, PROVIDENCE, RI 029053105",
      "line": [
        "33 STANIFORD ST"
      ],
      "city": "PROVIDENCE",
      "state": "RI",
      "postalCode": "029053105",
      "country": "USA"
    }
  ],
  "contact": [
    {
      "purpose": {
        "coding": [
          {
            "system": "http://terminology.hl7.org/CodeSystem/contactentity-type",
            "code": "ADMIN",
            "display": "Administrative"
          }
        ]
      },
      "name": {
        "use": "official",
        "text": "Shane Goyette",
        "family": "Goyette",
        "given": [
          "Shane"
        ]
      },
      "telecom": [
        {
          "extension": [
            {
              "extension": [
                {
                  "url": "daysOfWeek",
                  "valueCode": "mon"
                },
                {
                  "url": "daysOfWeek",
                  "valueCode": "tue"
                },
                {
                  "url": "daysOfWeek",
                  "valueCode": "wed"
                },
                {
                  "url": "daysOfWeek",
                  "valueCode": "thu"
                },
                {
                  "url": "daysOfWeek",
                  "valueCode": "fri"
                },
                {
                  "url": "availableStartTime",
                  "valueTime": "07:00:00"
                },
                {
                  "url": "availableEndTime",
                  "valueTime": "18:00:00"
                }
              ],
              "url": "http://hl7.org/fhir/uv/vhdir/StructureDefinition/contactpoint-availabletime"
            }
          ],
          "system": "phone",
          "value": "735-380-1096 x267",
          "use": "work"
        }
      ],
      "address": {
        "use": "work",
        "type": "both",
        "text": "33 STANIFORD ST, PROVIDENCE, RI 029053105",
        "line": [
          "33 STANIFORD ST"
        ],
        "city": "PROVIDENCE",
        "state": "RI",
        "postalCode": "029053105",
        "country": "USA"
      }
    }
  ]
}