{
  "resourceType": "Organization",
  "id": "foundingfathers",
  "meta": {
    "profile": [
      "http://hl7.org/fhir/us/davinci-pdex-plan-net/StructureDefinition/plannet-Organization"
    ]
  },
  "text": {
    "status": "generated",
    "div": "<div xmlns=\"http://www.w3.org/1999/xhtml\"><p><b>Generated Narrative with Details</b></p><p><b>id</b>: foundingfathers</p><p><b>meta</b>: </p><p><b>identifier</b>: NPI = 1345678910 (OFFICIAL)</p><p><b>active</b>: true</p><p><b>type</b>: Hospital <span style=\"background: LightGoldenRodYellow\">(Details : {http://terminology.hl7.org/CodeSystem/organization-type code 'prov' = 'Healthcare Provider', given as 'Healthcare Provider'})</span></p><p><b>name</b>: Founding Fathers Memorial Hospital</p><p><b>alias</b>: DC Memorial Hospital</p><p><b>telecom</b>: ph: 202-101-0123</p><p><b>address</b>: 330 C Street SW, Washington, DC 20201, USA(WORK)</p><p><b>partOf</b>: <a href=\"Organization-mtvernon.html\">Mount Vernon Health System. Generated Summary: id: mtvernon; active; <span title=\"Codes: {http://terminology.hl7.org/CodeSystem/organization-type prov}\">Health System</span>; name: Mount Vernon Health System</a></p><h3>Contacts</h3><table class=\"grid\"><tr><td>-</td><td><b>Purpose</b></td><td><b>Name</b></td><td><b>Telecom</b></td><td><b>Address</b></td></tr><tr><td>*</td><td>Administrative <span style=\"background: LightGoldenRodYellow\">(Details : {http://terminology.hl7.org/CodeSystem/contactentity-type code 'ADMIN' = 'Administrative', given as 'Administrative'})</span></td><td>Abigail Adams(OFFICIAL)</td><td>ph: 202-444-5555(WORK)</td><td>330 C Street SW, Washington, DC 20201, USA(WORK)</td></tr></table><p><b>endpoint</b>: <a href=\"Endpoint-direct321.html\">Founding Fathers Memorial Hospital Heart and Vascular Institute Direct address. Generated Summary: id: direct321; status: active; <span title=\"{http://terminology.hl7.org/CodeSystem/endpoint-connection-type direct-project}\">Direct Project</span>; name: Founding Fathers Memorial Hospital Heart and Vascular Institute Direct address; ph: 202-101-0123(WORK); period: Nov 19, 2014, 12:00:00 AM --&gt; (ongoing); <span title=\"Codes: {urn:oid:1.3.6.1.4.1.19376.1.2.3 urn:ihe:pcc:xphr:2007}\">HL7 CCD Document</span>; payloadMimeType: application/hl7-v3+xml; address: mailto:heart@direct.ffhospital.com</a></p></div>"
  },
  "identifier": [
    {
      "use": "official",
      "type": {
        "coding": [
          {
            "system": "http://terminology.hl7.org/CodeSystem/v2-0203",
            "code": "PRN",
            "display": "Provider number"
          }
        ],
        "text": "NPI"
      },
      "system": "http://hl7.org/fhir/sid/us-npi",
      "value": "1345678910",
      "period": {
        "start": "2004-04-21T11:57:00-05:00"
      },
      "assigner": {
        "display": "CMS"
      }
    }
  ],
  "active": true,
  "type": [
    {
      "coding": [
        {
          "system": "http://terminology.hl7.org/CodeSystem/organization-type",
          "code": "prov",
          "display": "Healthcare Provider"
        }
      ],
      "text": "Hospital"
    }
  ],
  "name": "Founding Fathers Memorial Hospital",
  "alias": [
    "DC Memorial Hospital"
  ],
  "_alias": [
    {
      "extension": [
        {
          "url": "http://hl7.org/fhir/uv/vhdir/StructureDefinition/org-alias-type",
          "valueCodeableConcept": {
            "coding": [
              {
                "system": "http://hl7.org/fhir/uv/vhdir/CodeSystem/organizationdemographics",
                "code": "historical",
                "display": "Historical"
              }
            ]
          }
        },
        {
          "url": "http://hl7.org/fhir/uv/vhdir/StructureDefinition/org-alias-period",
          "valuePeriod": {
            "start": "1975",
            "end": "2000"
          }
        }
      ]
    }
  ],
  "telecom": [
    {
      "extension": [
        {
          "url": "http://hl7.org/fhir/us/davinci-pdex-plan-net/StructureDefinition/via-intermediary",
          "valueReference": {
            "reference": "Location/loc-ffmh",
            "display": "Founding Fathers Memorial Hospital"
          }
        },
        {
          "extension": [
            {
              "url": "allDay",
              "valueBoolean": true
            }
          ],
          "url": "http://hl7.org/fhir/uv/vhdir/StructureDefinition/contactpoint-availabletime"
        }
      ],
      "system": "phone",
      "value": "202-101-0123"
    }
  ],
  "address": [
    {
      "extension": [
        {
          "extension": [
            {
              "url": "latitude",
              "valueDecimal": 38.8859395
            },
            {
              "url": "longitude",
              "valueDecimal": -77.016469
            }
          ],
          "url": "http://hl7.org/fhir/StructureDefinition/geolocation"
        }
      ],
      "use": "work",
      "type": "both",
      "text": "330 C Street SW, Washington, DC 20201, USA",
      "line": [
        "330 C Street SW"
      ],
      "city": "Washington",
      "state": "DC",
      "postalCode": "20201",
      "country": "USA"
    }
  ],
  "partOf": {
    "reference": "Organization/mtvernon",
    "display": "Mount Vernon Health System"
  },
  "contact": [
    {
      "purpose": {
        "coding": [
          {
            "system": "http://terminology.hl7.org/CodeSystem/contactentity-type",
            "code": "ADMIN",
            "display": "Administrative"
          }
        ]
      },
      "name": {
        "use": "official",
        "text": "Abigail Adams",
        "family": "Adams",
        "given": [
          "Abigail"
        ]
      },
      "telecom": [
        {
          "extension": [
            {
              "extension": [
                {
                  "url": "daysOfWeek",
                  "valueCode": "mon"
                },
                {
                  "url": "daysOfWeek",
                  "valueCode": "tue"
                },
                {
                  "url": "daysOfWeek",
                  "valueCode": "wed"
                },
                {
                  "url": "daysOfWeek",
                  "valueCode": "thu"
                },
                {
                  "url": "daysOfWeek",
                  "valueCode": "fri"
                },
                {
                  "url": "availableStartTime",
                  "valueTime": "07:00:00"
                },
                {
                  "url": "availableEndTime",
                  "valueTime": "18:00:00"
                }
              ],
              "url": "http://hl7.org/fhir/uv/vhdir/StructureDefinition/contactpoint-availabletime"
            }
          ],
          "system": "phone",
          "value": "202-444-5555",
          "use": "work"
        }
      ],
      "address": {
        "extension": [
          {
            "extension": [
              {
                "url": "latitude",
                "valueDecimal": 38.8859395
              },
              {
                "url": "longitude",
                "valueDecimal": -77.016469
              }
            ],
            "url": "http://hl7.org/fhir/StructureDefinition/geolocation"
          }
        ],
        "use": "work",
        "type": "both",
        "text": "330 C Street SW, Washington, DC 20201, USA",
        "line": [
          "330 C Street SW"
        ],
        "city": "Washington",
        "state": "DC",
        "postalCode": "20201",
        "country": "USA"
      }
    }
  ],
  "endpoint": [
    {
      "reference": "Endpoint/direct321",
      "display": "Founding Fathers Memorial Hospital Heart and Vascular Institute Direct address"
    }
  ]
}