{
  "resourceType": "PractitionerRole",
  "id": "practitionerrole1",
  "meta": {
    "profile": [
      "http://hl7.org/fhir/us/davinci-pdex-plan-net/StructureDefinition/plannet-PractitionerRole"
    ]
  },
  "text": {
    "status": "generated",
    "div": "<div xmlns=\"http://www.w3.org/1999/xhtml\"><p><b>Generated Narrative with Details</b></p><p><b>id</b>: practitionerrole1</p><p><b>meta</b>: </p><p><b>identifier</b>: Hospital ID = provider276 (SECONDARY)</p><p><b>active</b>: true</p><p><b>period</b>: Feb 22, 2016, 12:00:00 AM --&gt; (ongoing)</p><p><b>practitioner</b>: <a href=\"Practitioner-practitioner1.html\">Geroge Washington. Generated Summary: id: practitioner1; NPI = 1234567893 (OFFICIAL); active; George Washington(OFFICIAL); ph: 202-123-4567(MOBILE), george.washington@whitehouse.gov(HOME); gender: male; birthDate: Feb 22, 1932; <span title=\"Codes: {urn:ietf:bcp:47 en-US}\">English</span></a></p><p><b>organization</b>: <a href=\"Organization-foundingfathers.html\">Founding Fathers Memorial Hospital. Generated Summary: id: foundingfathers; NPI = 1345678910 (OFFICIAL); active; <span title=\"Codes: {http://terminology.hl7.org/CodeSystem/organization-type prov}\">Hospital</span>; name: Founding Fathers Memorial Hospital; alias: DC Memorial Hospital; ph: 202-101-0123</a></p><p><b>code</b>: Doctor <span style=\"background: LightGoldenRodYellow\">(Details : {http://terminology.hl7.org/CodeSystem/practitioner-role code 'doctor' = 'Doctor', given as 'Doctor'})</span></p><p><b>specialty</b>: Cardiology <span style=\"background: LightGoldenRodYellow\">(Details : {SNOMED CT code '394579002' = 'Cardiology (qualifier value)', given as 'Cardiology'})</span></p><p><b>location</b>: <a href=\"Location-loc-ffmh-hvi.html\">Founding Fathers Memorial Hospital, Heart and Vascular Institute. Generated Summary: id: loc-ffmh-hvi; main campus (SECONDARY); status: active; name: Founding Fathers Memorial Hospital Heart and Vascular Institute; description: Heart and Vascular Institute Specialty Wing; <span title=\"Codes: {http://terminology.hl7.org/CodeSystem/v3-RoleCode HOSP}\">Hospital</span>; ph: 202-101-0123(WORK); <span title=\"Codes: {http://terminology.hl7.org/CodeSystem/location-physical-type si}\">Site</span>; availabilityExceptions: visiting hours from 6:00 am - 10:00 pm</a></p><p><b>healthcareService</b>: <a href=\"HealthcareService-ffcardiology.html\">Founding Fathers Memorial Hospital cardiac services. Generated Summary: id: ffcardiology; Business ID = service001 (SECONDARY); active; <span title=\"Codes: {http://terminology.hl7.org/CodeSystem/service-category 35}\">Hospital</span>; <span title=\"Codes: {http://terminology.hl7.org/CodeSystem/service-type 165}\">Cardiology</span>; <span title=\"Codes: {http://snomed.info/sct 394579002}\">Cardiology</span>; name: Founding Fathers Memorial Hospital Heart and Vascular Services; comment: Cardiac surgery, heart failure, cardiac electrophysiology, vascular surgery, and cardiovascular research; fax: 555 12345; <span title=\"Codes: {http://terminology.hl7.org/CodeSystem/service-provision-conditions cost}\">Fees apply</span>; <span title=\"Codes: {http://terminology.hl7.org/CodeSystem/service-referral-method phone}\">phone</span>, <span title=\"Codes: {http://terminology.hl7.org/CodeSystem/service-referral-method fax}\">Fax</span>; appointmentRequired; availabilityExceptions: No interventional cardiac procedures are scheduled on Wednesdays</a></p><p><b>telecom</b>: ph: 202-101-0123</p><h3>AvailableTimes</h3><table class=\"grid\"><tr><td>-</td><td><b>DaysOfWeek</b></td><td><b>AvailableStartTime</b></td><td><b>AvailableEndTime</b></td></tr><tr><td>*</td><td>mon</td><td/><td/></tr></table><p><b>endpoint</b>: <a href=\"Endpoint-direct321.html\">Direct address for the Founding Fathers Heart and Vascular Institute. Generated Summary: id: direct321; status: active; <span title=\"{http://terminology.hl7.org/CodeSystem/endpoint-connection-type direct-project}\">Direct Project</span>; name: Founding Fathers Memorial Hospital Heart and Vascular Institute Direct address; ph: 202-101-0123(WORK); period: Nov 19, 2014, 12:00:00 AM --&gt; (ongoing); <span title=\"Codes: {urn:oid:1.3.6.1.4.1.19376.1.2.3 urn:ihe:pcc:xphr:2007}\">HL7 CCD Document</span>; payloadMimeType: application/hl7-v3+xml; address: mailto:heart@direct.ffhospital.com</a></p></div>"
  },
  "extension": [
    {
      "url": "http://hl7.org/fhir/us/davinci-pdex-plan-net/StructureDefinition/network-reference",
      "valueReference": {
        "reference": "Organization/patriotppo",
        "display": "Patriot Preferred Provider Network"
      }
    },
    {
      "extension": [
        {
          "url": "acceptingPatients",
          "valueBoolean": true
        },
        {
          "url": "fromNetwork",
          "valueReference": {
            "reference": "Organization/patriotppo",
            "display": "Patriot Preferred Provider Network"
          }
        }
      ],
      "url": "http://hl7.org/fhir/us/davinci-pdex-plan-net/StructureDefinition/newpatients"
    },
    {
      "url": "http://hl7.org/fhir/uv/vhdir/StructureDefinition/newpatientprofile",
      "valueString": "New patients are accepted via referral from providers participating in Patriot PPO"
    }
  ],
  "identifier": [
    {
      "extension": [
        {
          "url": "http://hl7.org/fhir/uv/vhdir/StructureDefinition/identifier-status",
          "valueCode": "active"
        }
      ],
      "use": "secondary",
      "type": {
        "coding": [
          {
            "system": "http://terminology.hl7.org/CodeSystem/v2-0203",
            "code": "PRN",
            "display": "Provider number"
          }
        ],
        "text": "Hospital ID"
      },
      "system": "http://example.org/www.foundingfathersmemorial.com",
      "value": "provider276",
      "period": {
        "start": "2019-02-22"
      },
      "assigner": {
        "reference": "Organization/foundingfathers",
        "display": "Founding Fathers Memorial Hospital"
      }
    }
  ],
  "active": true,
  "period": {
    "start": "2019-02-22"
  },
  "practitioner": {
    "reference": "Practitioner/practitioner1",
    "display": "Geroge Washington"
  },
  "organization": {
    "reference": "Organization/foundingfathers",
    "display": "Founding Fathers Memorial Hospital"
  },
  "code": [
    {
      "coding": [
        {
          "system": "http://terminology.hl7.org/CodeSystem/practitioner-role",
          "code": "doctor",
          "display": "Doctor"
        }
      ]
    }
  ],
  "specialty": [
    {
      "coding": [
        {
          "system": "http://snomed.info/sct",
          "code": "394579002",
          "display": "Cardiology"
        }
      ]
    }
  ],
  "location": [
    {
      "reference": "Location/loc-ffmh-hvi",
      "display": "Founding Fathers Memorial Hospital, Heart and Vascular Institute"
    }
  ],
  "healthcareService": [
    {
      "reference": "HealthcareService/ffcardiology",
      "display": "Founding Fathers Memorial Hospital cardiac services"
    }
  ],
  "telecom": [
    {
      "extension": [
        {
          "url": "http://hl7.org/fhir/us/davinci-pdex-plan-net/StructureDefinition/via-intermediary",
          "valueReference": {
            "reference": "Location/loc-ffmh-hvi",
            "display": "Founding Fathers Memorial Hospital, Heart and Vascular Institute"
          }
        }
      ],
      "system": "phone",
      "value": "202-101-0123"
    }
  ],
  "availableTime": [
    {
      "daysOfWeek": [
        "mon",
        "tue",
        "wed",
        "thu"
      ],
      "availableStartTime": "09:00:00",
      "availableEndTime": "12:00:00"
    }
  ],
  "endpoint": [
    {
      "reference": "Endpoint/direct321",
      "display": "Direct address for the Founding Fathers Heart and Vascular Institute"
    }
  ]
}