{
  "resourceType": "SearchParameter",
  "id": "practitioner-identifier",
  "text": {
    "status": "generated",
    "div": "<div xmlns=\"http://www.w3.org/1999/xhtml\"><p><b>Generated Narrative with Details</b></p><p><b>id</b>: practitioner-identifier</p><p><b>url</b>: <a href=\"http://hl7.org/fhir/us/davinci-pdex-plan-net/SearchParameter/practitioner-identifier\">http://hl7.org/fhir/us/davinci-pdex-plan-net/SearchParameter/practitioner-identifier</a></p><p><b>version</b>: 0.1.0</p><p><b>name</b>: Plannet_sp_practitioner_identifier</p><p><b>derivedFrom</b>: <a href=\"http://hl7.org/fhir/SearchParameter/Practitioner-identifier\">http://hl7.org/fhir/SearchParameter/Practitioner-identifier</a></p><p><b>status</b>: active</p><p><b>date</b>: May 22, 2018 8:00:00 PM</p><p><b>publisher</b>: Saul Kravitz</p><p><b>contact</b>: </p><p><b>description</b>: Select Practitioners with the specified identifier</p><p><b>code</b>: identifier</p><p><b>base</b>: Practitioner</p><p><b>type</b>: token</p><p><b>expression</b>: Practitioner.identifier</p><p><b>multipleOr</b>: true</p><p><b>multipleAnd</b>: true</p><p><b>modifier</b>: text, ofType</p></div>"
  },
  "url": "http://hl7.org/fhir/us/davinci-pdex-plan-net/SearchParameter/practitioner-identifier",
  "version": "0.1.0",
  "name": "Plannet_sp_practitioner_identifier",
  "derivedFrom": "http://hl7.org/fhir/SearchParameter/Practitioner-identifier",
  "status": "active",
  "date": "2018-05-22T20:00:00-04:00",
  "publisher": "Saul Kravitz",
  "contact": [
    {
      "name": "Saul Kravitz",
      "telecom": [
        {
          "system": "email",
          "value": "saul@mitre.org"
        }
      ]
    }
  ],
  "description": "Select Practitioners with the specified identifier",
  "code": "identifier",
  "base": [
    "Practitioner"
  ],
  "type": "token",
  "expression": "Practitioner.identifier",
  "multipleOr": true,
  "multipleAnd": true,
  "modifier": [
    "text",
    "ofType"
  ]
}