{
  "resourceType": "SearchParameter",
  "id": "practitioner-family-name",
  "text": {
    "status": "generated",
    "div": "<div xmlns=\"http://www.w3.org/1999/xhtml\"><p><b>Generated Narrative with Details</b></p><p><b>id</b>: practitioner-family-name</p><p><b>url</b>: <a href=\"http://hl7.org/fhir/us/davinci-pdex-plan-net/SearchParameter/practitioner-family-name\">http://hl7.org/fhir/us/davinci-pdex-plan-net/SearchParameter/practitioner-family-name</a></p><p><b>version</b>: 0.1.0</p><p><b>name</b>: Plannet_sp_practitioner_family_name</p><p><b>derivedFrom</b>: <a href=\"http://hl7.org/fhir/SearchParameter/individual-family\">http://hl7.org/fhir/SearchParameter/individual-family</a></p><p><b>status</b>: active</p><p><b>date</b>: May 22, 2018 8:00:00 PM</p><p><b>publisher</b>: HL7 Financial Management Working Group</p><p><b>contact</b>: </p><p><b>description</b>: Select Practitioners with the specified family name</p><p><b>code</b>: family</p><p><b>base</b>: Practitioner</p><p><b>type</b>: string</p><p><b>expression</b>: Practitioner.name.family</p><p><b>multipleOr</b>: true</p><p><b>multipleAnd</b>: true</p><p><b>modifier</b>: exact</p></div>"
  },
  "url": "http://hl7.org/fhir/us/davinci-pdex-plan-net/SearchParameter/practitioner-family-name",
  "version": "0.1.0",
  "name": "Plannet_sp_practitioner_family_name",
  "derivedFrom": "http://hl7.org/fhir/SearchParameter/individual-family",
  "status": "active",
  "date": "2018-05-22T20:00:00-04:00",
  "publisher": "HL7 Financial Management Working Group",
  "contact": [
    {
      "name": "HL7 Financial Management Working Group",
      "telecom": [
        {
          "system": "url",
          "value": "http://www.hl7.org/Special/committees/fm/index.cfm"
        },
        {
          "system": "email",
          "value": "fm@lists.HL7.org"
        }
      ]
    }
  ],
  "description": "Select Practitioners with the specified family name",
  "code": "family",
  "base": [
    "Practitioner"
  ],
  "type": "string",
  "expression": "Practitioner.name.family",
  "multipleOr": true,
  "multipleAnd": true,
  "modifier": [
    "exact"
  ]
}