{
  "resourceType": "SearchParameter",
  "id": "location-accessibility",
  "text": {
    "status": "generated",
    "div": "<div xmlns=\"http://www.w3.org/1999/xhtml\"><p><b>Generated Narrative with Details</b></p><p><b>id</b>: location-accessibility</p><p><b>url</b>: <a href=\"http://hl7.org/fhir/us/davinci-pdex-plan-net/SearchParameter/location-accessibility\">http://hl7.org/fhir/us/davinci-pdex-plan-net/SearchParameter/location-accessibility</a></p><p><b>version</b>: 0.1.0</p><p><b>name</b>: Plannet_sp_location_accessibility</p><p><b>status</b>: active</p><p><b>date</b>: May 22, 2018 8:00:00 PM</p><p><b>publisher</b>: HL7 Financial Management Working Group</p><p><b>contact</b>: </p><p><b>description</b>: Select locations that offer the specified accessibility options</p><p><b>code</b>: accessibility</p><p><b>base</b>: Location</p><p><b>type</b>: token</p><p><b>expression</b>: Location.extension.where(url='http://hl7.org/fhir/uv/vhdir/StructureDefinition/accessibility')</p><p><b>multipleOr</b>: true</p><p><b>multipleAnd</b>: true</p><p><b>modifier</b>: text</p></div>"
  },
  "url": "http://hl7.org/fhir/us/davinci-pdex-plan-net/SearchParameter/location-accessibility",
  "version": "0.1.0",
  "name": "Plannet_sp_location_accessibility",
  "status": "active",
  "date": "2018-05-22T20:00:00-04:00",
  "publisher": "HL7 Financial Management Working Group",
  "contact": [
    {
      "name": "HL7 Financial Management Working Group",
      "telecom": [
        {
          "system": "url",
          "value": "http://www.hl7.org/Special/committees/fm/index.cfm"
        },
        {
          "system": "email",
          "value": "fm@lists.HL7.org"
        }
      ]
    }
  ],
  "description": "Select locations that offer the specified accessibility options",
  "code": "accessibility",
  "base": [
    "Location"
  ],
  "type": "token",
  "expression": "Location.extension.where(url='http://hl7.org/fhir/uv/vhdir/StructureDefinition/accessibility')",
  "multipleOr": true,
  "multipleAnd": true,
  "modifier": [
    "text"
  ]
}