{
  "resourceType": "SearchParameter",
  "id": "endpoint-mime-type",
  "text": {
    "status": "generated",
    "div": "<div xmlns=\"http://www.w3.org/1999/xhtml\"><p><b>Generated Narrative with Details</b></p><p><b>id</b>: endpoint-mime-type</p><p><b>url</b>: <a href=\"http://hl7.org/fhir/us/davinci-pdex-plan-net/SearchParameter/endpoint-mime-type\">http://hl7.org/fhir/us/davinci-pdex-plan-net/SearchParameter/endpoint-mime-type</a></p><p><b>version</b>: 0.1.0</p><p><b>name</b>: Plannet_sp_endpoint_mime_type</p><p><b>status</b>: active</p><p><b>date</b>: May 22, 2018 8:00:00 PM</p><p><b>publisher</b>: HL7 Financial Management Working Group</p><p><b>contact</b>: </p><p><b>description</b>: Select endpoints that support the specified media type</p><p><b>code</b>: mime-type</p><p><b>base</b>: Endpoint</p><p><b>type</b>: token</p><p><b>expression</b>: Endpoint.payloadMimeType</p><p><b>multipleOr</b>: true</p><p><b>multipleAnd</b>: true</p></div>"
  },
  "url": "http://hl7.org/fhir/us/davinci-pdex-plan-net/SearchParameter/endpoint-mime-type",
  "version": "0.1.0",
  "name": "Plannet_sp_endpoint_mime_type",
  "status": "active",
  "date": "2018-05-22T20:00:00-04:00",
  "publisher": "HL7 Financial Management Working Group",
  "contact": [
    {
      "name": "HL7 Financial Management Working Group",
      "telecom": [
        {
          "system": "url",
          "value": "http://www.hl7.org/Special/committees/fm/index.cfm"
        },
        {
          "system": "email",
          "value": "fm@lists.HL7.org"
        }
      ]
    }
  ],
  "description": "Select endpoints that support the specified media type",
  "code": "mime-type",
  "base": [
    "Endpoint"
  ],
  "type": "token",
  "expression": "Endpoint.payloadMimeType",
  "multipleOr": true,
  "multipleAnd": true
}