{
  "resourceType": "SearchParameter",
  "id": "organizationaffiliation-role",
  "text": {
    "status": "generated",
    "div": "<div xmlns=\"http://www.w3.org/1999/xhtml\"><p><b>Generated Narrative with Details</b></p><p><b>id</b>: organizationaffiliation-role</p><p><b>url</b>: <a href=\"http://hl7.org/fhir/us/davinci-pdex-plan-net/SearchParameter/organizationaffiliation-role\">http://hl7.org/fhir/us/davinci-pdex-plan-net/SearchParameter/organizationaffiliation-role</a></p><p><b>version</b>: 0.1.0</p><p><b>name</b>: Plannet_sp_organizationaffiliation_role</p><p><b>derivedFrom</b>: <a href=\"http://hl7.org/fhir/SearchParameter/OrganizationAffiliation-role\">http://hl7.org/fhir/SearchParameter/OrganizationAffiliation-role</a></p><p><b>status</b>: active</p><p><b>date</b>: May 22, 2018 8:00:00 PM</p><p><b>publisher</b>: Saul Kravitz</p><p><b>contact</b>: </p><p><b>description</b>: Select OrganizationAffiliations with the specified role</p><p><b>code</b>: role</p><p><b>base</b>: OrganizationAffiliation</p><p><b>type</b>: token</p><p><b>expression</b>: OrganizationAffiliation.code</p><p><b>multipleOr</b>: true</p><p><b>multipleAnd</b>: true</p><p><b>modifier</b>: text</p></div>"
  },
  "url": "http://hl7.org/fhir/us/davinci-pdex-plan-net/SearchParameter/organizationaffiliation-role",
  "version": "0.1.0",
  "name": "Plannet_sp_organizationaffiliation_role",
  "derivedFrom": "http://hl7.org/fhir/SearchParameter/OrganizationAffiliation-role",
  "status": "active",
  "date": "2018-05-22T20:00:00-04:00",
  "publisher": "Saul Kravitz",
  "contact": [
    {
      "name": "Saul Kravitz",
      "telecom": [
        {
          "system": "email",
          "value": "saul@mitre.org"
        }
      ]
    }
  ],
  "description": "Select OrganizationAffiliations with the specified role",
  "code": "role",
  "base": [
    "OrganizationAffiliation"
  ],
  "type": "token",
  "expression": "OrganizationAffiliation.code",
  "multipleOr": true,
  "multipleAnd": true,
  "modifier": [
    "text"
  ]
}