{
  "resourceType": "SearchParameter",
  "id": "insuranceplan-type",
  "text": {
    "status": "generated",
    "div": "<div xmlns=\"http://www.w3.org/1999/xhtml\"><p><b>Generated Narrative with Details</b></p><p><b>id</b>: insuranceplan-type</p><p><b>url</b>: <a href=\"http://hl7.org/fhir/us/davinci-pdex-plan-net/SearchParameter/insuranceplan-type\">http://hl7.org/fhir/us/davinci-pdex-plan-net/SearchParameter/insuranceplan-type</a></p><p><b>version</b>: 0.1.0</p><p><b>name</b>: Plannet_sp_insuranceplan_type</p><p><b>derivedFrom</b>: <a href=\"http://hl7.org/fhir/SearchParameter/InsurancePlan-type\">http://hl7.org/fhir/SearchParameter/InsurancePlan-type</a></p><p><b>status</b>: active</p><p><b>date</b>: May 22, 2018 8:00:00 PM</p><p><b>publisher</b>: Saul Kravitz</p><p><b>contact</b>: </p><p><b>description</b>: Select insurance plans of the specified type</p><p><b>code</b>: type</p><p><b>base</b>: InsurancePlan</p><p><b>type</b>: token</p><p><b>expression</b>: InsurancePlan.type</p><p><b>multipleOr</b>: true</p><p><b>multipleAnd</b>: true</p><p><b>modifier</b>: text</p></div>"
  },
  "url": "http://hl7.org/fhir/us/davinci-pdex-plan-net/SearchParameter/insuranceplan-type",
  "version": "0.1.0",
  "name": "Plannet_sp_insuranceplan_type",
  "derivedFrom": "http://hl7.org/fhir/SearchParameter/InsurancePlan-type",
  "status": "active",
  "date": "2018-05-22T20:00:00-04:00",
  "publisher": "Saul Kravitz",
  "contact": [
    {
      "name": "Saul Kravitz",
      "telecom": [
        {
          "system": "email",
          "value": "saul@mitre.org"
        }
      ]
    }
  ],
  "description": "Select insurance plans of the specified type",
  "code": "type",
  "base": [
    "InsurancePlan"
  ],
  "type": "token",
  "expression": "InsurancePlan.type",
  "multipleOr": true,
  "multipleAnd": true,
  "modifier": [
    "text"
  ]
}