{
  "resourceType": "SearchParameter",
  "id": "practitionerrole-practitioner",
  "text": {
    "status": "generated",
    "div": "<div xmlns=\"http://www.w3.org/1999/xhtml\"><p><b>Generated Narrative with Details</b></p><p><b>id</b>: practitionerrole-practitioner</p><p><b>url</b>: <a href=\"http://hl7.org/fhir/us/davinci-pdex-plan-net/SearchParameter/practitionerrole-practitioner\">http://hl7.org/fhir/us/davinci-pdex-plan-net/SearchParameter/practitionerrole-practitioner</a></p><p><b>version</b>: 0.1.0</p><p><b>name</b>: Plannet_sp_practitionerrole_practitioner</p><p><b>derivedFrom</b>: <a href=\"http://hl7.org/fhir/SearchParameter/PractitionerRole-practitioner\">http://hl7.org/fhir/SearchParameter/PractitionerRole-practitioner</a></p><p><b>status</b>: active</p><p><b>date</b>: May 22, 2018 8:00:00 PM</p><p><b>publisher</b>: Saul Kravitz</p><p><b>contact</b>: </p><p><b>description</b>: Select roles filled by the specified practitioner</p><p><b>code</b>: practitioner</p><p><b>base</b>: PractitionerRole</p><p><b>type</b>: reference</p><p><b>expression</b>: PractitionerRole.practitioner</p><p><b>target</b>: Practitioner</p><p><b>multipleOr</b>: true</p><p><b>multipleAnd</b>: true</p><p><b>chain</b>: identifier, name</p></div>"
  },
  "url": "http://hl7.org/fhir/us/davinci-pdex-plan-net/SearchParameter/practitionerrole-practitioner",
  "version": "0.1.0",
  "name": "Plannet_sp_practitionerrole_practitioner",
  "derivedFrom": "http://hl7.org/fhir/SearchParameter/PractitionerRole-practitioner",
  "status": "active",
  "date": "2018-05-22T20:00:00-04:00",
  "publisher": "Saul Kravitz",
  "contact": [
    {
      "name": "Saul Kravitz",
      "telecom": [
        {
          "system": "email",
          "value": "saul@mitre.org"
        }
      ]
    }
  ],
  "description": "Select roles filled by the specified practitioner",
  "code": "practitioner",
  "base": [
    "PractitionerRole"
  ],
  "type": "reference",
  "expression": "PractitionerRole.practitioner",
  "target": [
    "Practitioner"
  ],
  "multipleOr": true,
  "multipleAnd": true,
  "chain": [
    "identifier",
    "name"
  ]
}