{
  "resourceType": "SearchParameter",
  "id": "practitionerrole-network",
  "text": {
    "status": "generated",
    "div": "<div xmlns=\"http://www.w3.org/1999/xhtml\"><p><b>Generated Narrative with Details</b></p><p><b>id</b>: practitionerrole-network</p><p><b>url</b>: <a href=\"http://hl7.org/fhir/us/davinci-pdex-plan-net/SearchParameter/practitionerrole-network\">http://hl7.org/fhir/us/davinci-pdex-plan-net/SearchParameter/practitionerrole-network</a></p><p><b>version</b>: 0.1.0</p><p><b>name</b>: Plannet_sp_practitionerrole_network</p><p><b>status</b>: active</p><p><b>date</b>: May 22, 2018 8:00:00 PM</p><p><b>publisher</b>: HL7 Financial Management Working Group</p><p><b>contact</b>: </p><p><b>description</b>: Select roles where the practitioner is a member of the specified health insurance provider network</p><p><b>code</b>: network</p><p><b>base</b>: PractitionerRole</p><p><b>type</b>: reference</p><p><b>expression</b>: PractitionerRole.extension.where(url='http://hl7.org/fhir/us/davinci-pdex-plan-net/StructureDefinition/plannet-Network-reference-extension')</p><p><b>target</b>: Organization</p><p><b>multipleOr</b>: true</p><p><b>multipleAnd</b>: true</p><p><b>modifier</b>: above, below</p><p><b>chain</b>: identifier, name, address, partof, type</p></div>"
  },
  "url": "http://hl7.org/fhir/us/davinci-pdex-plan-net/SearchParameter/practitionerrole-network",
  "version": "0.1.0",
  "name": "Plannet_sp_practitionerrole_network",
  "status": "active",
  "date": "2018-05-22T20:00:00-04:00",
  "publisher": "HL7 Financial Management Working Group",
  "contact": [
    {
      "name": "HL7 Financial Management Working Group",
      "telecom": [
        {
          "system": "url",
          "value": "http://www.hl7.org/Special/committees/fm/index.cfm"
        },
        {
          "system": "email",
          "value": "fm@lists.HL7.org"
        }
      ]
    }
  ],
  "description": "Select roles where the practitioner is a member of the specified health insurance provider network",
  "code": "network",
  "base": [
    "PractitionerRole"
  ],
  "type": "reference",
  "expression": "PractitionerRole.extension.where(url='http://hl7.org/fhir/us/davinci-pdex-plan-net/StructureDefinition/plannet-Network-reference-extension')",
  "target": [
    "Organization"
  ],
  "multipleOr": true,
  "multipleAnd": true,
  "modifier": [
    "above",
    "below"
  ],
  "chain": [
    "identifier",
    "name",
    "address",
    "partof",
    "type"
  ]
}