{
  "resourceType": "SearchParameter",
  "id": "healthcareservice-endpoint",
  "text": {
    "status": "generated",
    "div": "<div xmlns=\"http://www.w3.org/1999/xhtml\"><p><b>Generated Narrative with Details</b></p><p><b>id</b>: healthcareservice-endpoint</p><p><b>url</b>: <a href=\"http://hl7.org/fhir/us/davinci-pdex-plan-net/SearchParameter/healthcareservice-endpoint\">http://hl7.org/fhir/us/davinci-pdex-plan-net/SearchParameter/healthcareservice-endpoint</a></p><p><b>version</b>: 0.1.0</p><p><b>name</b>: Plannet_sp_healthcareservice_endpoint</p><p><b>derivedFrom</b>: <a href=\"http://hl7.org/fhir/SearchParameter/HealthcareService-endpoint\">http://hl7.org/fhir/SearchParameter/HealthcareService-endpoint</a></p><p><b>status</b>: active</p><p><b>date</b>: May 22, 2018 8:00:00 PM</p><p><b>publisher</b>: Saul Kravitz</p><p><b>contact</b>: </p><p><b>description</b>: Select HealthcareServices with the specified endpoint</p><p><b>code</b>: endpoint</p><p><b>base</b>: HealthcareService</p><p><b>type</b>: reference</p><p><b>expression</b>: HealthcareService.endpoint</p><p><b>target</b>: Endpoint</p><p><b>multipleOr</b>: true</p><p><b>multipleAnd</b>: true</p><p><b>chain</b>: identifier, connection-type, organization</p></div>"
  },
  "url": "http://hl7.org/fhir/us/davinci-pdex-plan-net/SearchParameter/healthcareservice-endpoint",
  "version": "0.1.0",
  "name": "Plannet_sp_healthcareservice_endpoint",
  "derivedFrom": "http://hl7.org/fhir/SearchParameter/HealthcareService-endpoint",
  "status": "active",
  "date": "2018-05-22T20:00:00-04:00",
  "publisher": "Saul Kravitz",
  "contact": [
    {
      "name": "Saul Kravitz",
      "telecom": [
        {
          "system": "email",
          "value": "saul@mitre.org"
        }
      ]
    }
  ],
  "description": "Select HealthcareServices with the specified endpoint",
  "code": "endpoint",
  "base": [
    "HealthcareService"
  ],
  "type": "reference",
  "expression": "HealthcareService.endpoint",
  "target": [
    "Endpoint"
  ],
  "multipleOr": true,
  "multipleAnd": true,
  "chain": [
    "identifier",
    "connection-type",
    "organization"
  ]
}