{
  "resourceType": "SearchParameter",
  "id": "insuranceplan-coverage-area",
  "text": {
    "status": "generated",
    "div": "<div xmlns=\"http://www.w3.org/1999/xhtml\"><p><b>Generated Narrative with Details</b></p><p><b>id</b>: insuranceplan-coverage-area</p><p><b>url</b>: <a href=\"http://hl7.org/fhir/us/davinci-pdex-plan-net/SearchParameter/insuranceplan-coverage-area\">http://hl7.org/fhir/us/davinci-pdex-plan-net/SearchParameter/insuranceplan-coverage-area</a></p><p><b>version</b>: 0.1.0</p><p><b>name</b>: Plannet_sp_insuranceplan_coverage_area</p><p><b>status</b>: active</p><p><b>date</b>: May 22, 2018 8:00:00 PM</p><p><b>publisher</b>: Saul Kravitz</p><p><b>contact</b>: </p><p><b>description</b>: Select products that are offered in the specified location</p><p><b>code</b>: coverage-area</p><p><b>base</b>: InsurancePlan</p><p><b>type</b>: reference</p><p><b>expression</b>: InsurancePlan.coverageArea</p><p><b>target</b>: Location</p><p><b>multipleOr</b>: true</p><p><b>multipleAnd</b>: true</p><p><b>chain</b>: identifier, contains</p></div>"
  },
  "url": "http://hl7.org/fhir/us/davinci-pdex-plan-net/SearchParameter/insuranceplan-coverage-area",
  "version": "0.1.0",
  "name": "Plannet_sp_insuranceplan_coverage_area",
  "status": "active",
  "date": "2018-05-22T20:00:00-04:00",
  "publisher": "Saul Kravitz",
  "contact": [
    {
      "name": "Saul Kravitz",
      "telecom": [
        {
          "system": "email",
          "value": "saul@mitre.org"
        }
      ]
    }
  ],
  "description": "Select products that are offered in the specified location",
  "code": "coverage-area",
  "base": [
    "InsurancePlan"
  ],
  "type": "reference",
  "expression": "InsurancePlan.coverageArea",
  "target": [
    "Location"
  ],
  "multipleOr": true,
  "multipleAnd": true,
  "chain": [
    "identifier",
    "contains"
  ]
}