{
  "resourceType": "SearchParameter",
  "id": "organizationaffiliation-location",
  "text": {
    "status": "generated",
    "div": "<div xmlns=\"http://www.w3.org/1999/xhtml\"><p><b>Generated Narrative with Details</b></p><p><b>id</b>: organizationaffiliation-location</p><p><b>url</b>: <a href=\"http://hl7.org/fhir/us/davinci-pdex-plan-net/SearchParameter/organizationaffiliation-location\">http://hl7.org/fhir/us/davinci-pdex-plan-net/SearchParameter/organizationaffiliation-location</a></p><p><b>version</b>: 0.1.0</p><p><b>name</b>: Plannet_sp_organizationaffiliation_location</p><p><b>derivedFrom</b>: <a href=\"http://hl7.org/fhir/SearchParameter/OrganizationAffiliation-location\">http://hl7.org/fhir/SearchParameter/OrganizationAffiliation-location</a></p><p><b>status</b>: active</p><p><b>date</b>: May 22, 2018 8:00:00 PM</p><p><b>publisher</b>: Saul Kravitz</p><p><b>contact</b>: </p><p><b>description</b>: Select OrganizationAffiliations available at the specified location</p><p><b>code</b>: location</p><p><b>base</b>: OrganizationAffiliation</p><p><b>type</b>: reference</p><p><b>expression</b>: OrganizationAffiliation.location</p><p><b>target</b>: Location</p><p><b>multipleOr</b>: true</p><p><b>multipleAnd</b>: true</p><p><b>modifier</b>: above, below</p><p><b>chain</b>: identifier, address, organization, type</p></div>"
  },
  "url": "http://hl7.org/fhir/us/davinci-pdex-plan-net/SearchParameter/organizationaffiliation-location",
  "version": "0.1.0",
  "name": "Plannet_sp_organizationaffiliation_location",
  "derivedFrom": "http://hl7.org/fhir/SearchParameter/OrganizationAffiliation-location",
  "status": "active",
  "date": "2018-05-22T20:00:00-04:00",
  "publisher": "Saul Kravitz",
  "contact": [
    {
      "name": "Saul Kravitz",
      "telecom": [
        {
          "system": "email",
          "value": "saul@mitre.org"
        }
      ]
    }
  ],
  "description": "Select OrganizationAffiliations available at the specified location",
  "code": "location",
  "base": [
    "OrganizationAffiliation"
  ],
  "type": "reference",
  "expression": "OrganizationAffiliation.location",
  "target": [
    "Location"
  ],
  "multipleOr": true,
  "multipleAnd": true,
  "modifier": [
    "above",
    "below"
  ],
  "chain": [
    "identifier",
    "address",
    "organization",
    "type"
  ]
}